<?xml version="1.0" encoding="UTF-8"?>
<eml:eml xmlns:eml="eml://ecoinformatics.org/eml-2.1.1" xmlns:dc="http://purl.org/dc/terms/" xmlns:xsi="http://www.w3.org/2001/XMLSchema-instance" xsi:schemaLocation="eml://ecoinformatics.org/eml-2.1.1 http://rs.gbif.org/schema/eml-gbif-profile/1.0.1/eml.xsd" packageId="4b98ef0a-c7d4-497f-8e3c-3f604def297f" system="https://symbiota.org" scope="system" xml:lang="eng"><dataset><alternateIdentifier>https://biorepo.neonscience.org/portal/collections/misc/collprofiles.php?collid=18</alternateIdentifier><title xml:lang="eng">NEON Biorepository Terrestrial Plant Collection (Canopy Foliage)</title><creator id="5b77bf2d-3bb2-4cb3-9f9d-50c20357f4cb"><organizationName>NEON Biorepository Data Portal</organizationName><electronicMailAddress>biorepo@asu.edu</electronicMailAddress><onlineUrl>https://biorepo.neonscience.org/portal/index.php</onlineUrl></creator><metadataProvider><organizationName>NEON Biorepository Data Portal</organizationName><electronicMailAddress>biorepo@asu.edu</electronicMailAddress><onlineUrl>https://biorepo.neonscience.org/portal/index.php</onlineUrl></metadataProvider><pubDate>2024-04-04</pubDate><language>eng</language><abstract><para>This collection contains oven-dried canopy foliage collected from NEON terrestrial sites (NEON sample class: cfc_chemistrySubsampling_in.archiveSampleID). Each NEON site conducts canopy foliage sampling once every 5 years and is scheduled to begin sampling close in time to the Aerial Observation Platform (AOP) airborne remote sensing collection at the site. Because of the links with AOP, strong emphasis is placed on collecting sunlit vegetation only. A subset of the Distributed and Tower Base Plots located across the study area are used for canopy foliage sampling. In sites dominated by woody cover (e.g., forests and shrubland), the goal is to sample at least one individual of each species found in the site-level, sunlit canopy. For more common species, replicates are taken spanning whatever gradients are relevant to a site (topography, aspect, stand age, etc.). In high-diversity sites, rare species are sampled only where feasible (e.g., target taxa with sunlit foliage present in a foliar sampling plot). Each site has a target sample number proportional to its canopy diversity. In systems dominated by herbaceous vegetation, bulk herbaceous plant biomass is harvested from a set of assigned plots using randomly positioned clip strips, and the material is analyzed or archived in bulk, meaning not sorted to species. Subsamples for archive are oven-dried at 65 degrees Celsius for at least 48 hours then ground in a Wiley mill to 20 mesh size (sieve opening size = 0.0331 in). Archived samples are stored at room temperature in 20 mL HDPE scintillation vials. See link below for the NEON data product that provides various physico-chemical measurements of these same foliar samples.&#13;
</para></abstract><contact><organizationName>NEON Biorepository Terrestrial Plant Collection (Canopy Foliage)</organizationName><phone></phone><electronicMailAddress>biorepo@asu.edu</electronicMailAddress><onlineUrl>https://data.neonscience.org/data-products/DP1.10026.001</onlineUrl></contact><associatedParty><individualName><surName>NEON Biorepository</surName><givenName></givenName></individualName><electronicMailAddress>biorepo@asu.edu</electronicMailAddress><role>contentProvider</role></associatedParty><associatedParty><individualName><surName>Steger</surName><givenName>Laura</givenName></individualName><positionName>Collection Manager</positionName><electronicMailAddress>lsteger@asu.edu</electronicMailAddress><userId>https://orcid.org/0000-0002-0878-4132</userId><role>contentProvider</role></associatedParty><intellectualRights><para>To the extent possible under law, the publisher has waived all rights to these data and has dedicated them to the <ulink url="http://creativecommons.org/publicdomain/zero/1.0/"><citetitle></citetitle></ulink></para></intellectualRights></dataset><additionalMetadata><metadata><symbiota id="5b77bf2d-3bb2-4cb3-9f9d-50c20357f4cb"><dateStamp>2024-04-04T21:01:30-07:00</dateStamp><citation identifier="201cbd9d-ac83-4d91-bd5f-43746fbcac1c">NEON Biorepository Data Portal - 201cbd9d-ac83-4d91-bd5f-43746fbcac1c</citation><physical><characterEncoding>UTF-8</characterEncoding><dataFormat><externallyDefinedFormat><formatName>Darwin Core Archive</formatName></externallyDefinedFormat></dataFormat></physical><collection identifier="671f9183-1357-485f-a42d-3df32d58f2b1" id="18"><alternateIdentifier>https://biorepo.neonscience.org/portal/collections/misc/collprofiles.php?collid=18</alternateIdentifier><parentCollectionIdentifier>NEON</parentCollectionIdentifier><collectionIdentifier>TPLC-CF</collectionIdentifier><collectionName>NEON Biorepository Terrestrial Plant Collection (Canopy Foliage)</collectionName><resourceLogoUrl>https://biorepo.neonscience.org/portal/content/collicon/neonbmicdna.png</resourceLogoUrl><onlineUrl>https://data.neonscience.org/data-products/DP1.10026.001</onlineUrl><intellectualRights>http://creativecommons.org/publicdomain/zero/1.0/</intellectualRights><associatedParty><individualName><surName>NEON Biorepository</surName><givenName></givenName></individualName><electronicMailAddress>biorepo@asu.edu</electronicMailAddress></associatedParty><associatedParty><individualName><surName>Steger</surName><givenName>Laura</givenName></individualName><positionName>Collection Manager</positionName><electronicMailAddress>lsteger@asu.edu</electronicMailAddress><userId>https://orcid.org/0000-0002-0878-4132</userId></associatedParty><abstract><para>&lt;p&gt;This collection contains oven-dried canopy foliage collected from NEON terrestrial sites (NEON sample class: cfc_chemistrySubsampling_in.archiveSampleID). Each NEON site conducts canopy foliage sampling once every 5 years and is scheduled to begin sampling close in time to the Aerial Observation Platform (AOP) airborne remote sensing collection at the site. Because of the links with AOP, strong emphasis is placed on collecting sunlit vegetation only. A subset of the Distributed and Tower Base Plots located across the study area are used for canopy foliage sampling. In sites dominated by woody cover (e.g., forests and shrubland), the goal is to sample at least one individual of each species found in the site-level, sunlit canopy. For more common species, replicates are taken spanning whatever gradients are relevant to a site (topography, aspect, stand age, etc.). In high-diversity sites, rare species are sampled only where feasible (e.g., target taxa with sunlit foliage present in a foliar sampling plot). Each site has a target sample number proportional to its canopy diversity. In systems dominated by herbaceous vegetation, bulk herbaceous plant biomass is harvested from a set of assigned plots using randomly positioned clip strips, and the material is analyzed or archived in bulk, meaning not sorted to species. Subsamples for archive are oven-dried at 65 degrees Celsius for at least 48 hours then ground in a Wiley mill to 20 mesh size (sieve opening size = 0.0331 in). Archived samples are stored at room temperature in 20 mL HDPE scintillation vials. See link below for the NEON data product that provides various physico-chemical measurements of these same foliar samples.&lt;/p&gt;&#13;
&lt;p&gt;&lt;img style="width: 70%; max-width: 500px;" src="https://drive.google.com/thumbnail?id=1pUBLF8nkrlZeplbNRXyW63vuipwCNwvV&amp;amp;sz=w1000" alt="&amp;quot;Canopy" /&gt;&lt;/p&gt;</para></abstract></collection></symbiota></metadata></additionalMetadata></eml:eml>
