pi_name,station,tow_depth_m,net_diameter_m,mesh_size_um,analysis,sample_name,taxon,count_l-1,notes
Ozersky,Apostles,0-30,0.5,64,crustacean_zooplankton,Ozersky_Apostles_0-30_crustacean_zooplankton,Diacyclops_thomasi_female_L-1,0.123528276,
Ozersky,Apostles,0-30,0.5,64,crustacean_zooplankton,Ozersky_Apostles_0-30_crustacean_zooplankton,Diacyclops_thomasi_female_witheggs_L-1,0.001029402,
Ozersky,Apostles,0-30,0.5,64,crustacean_zooplankton,Ozersky_Apostles_0-30_crustacean_zooplankton,Diacyclops_thomasi_male_L-1,0.004117609,
Ozersky,Apostles,0-30,0.5,64,crustacean_zooplankton,Ozersky_Apostles_0-30_crustacean_zooplankton,Acanthocyclops_vernalis_female_L-1,0,
Ozersky,Apostles,0-30,0.5,64,crustacean_zooplankton,Ozersky_Apostles_0-30_crustacean_zooplankton,Paracyclops_chiltoni_female_L-1,0,
Ozersky,Apostles,0-30,0.5,64,crustacean_zooplankton,Ozersky_Apostles_0-30_crustacean_zooplankton,Tropocyclops_prasinus_mexicanus_female_L-1,0,
Ozersky,Apostles,0-30,0.5,64,crustacean_zooplankton,Ozersky_Apostles_0-30_crustacean_zooplankton,Tropocyclops_prasinus_mexicanus_male_L-1,0,
Ozersky,Apostles,0-30,0.5,64,crustacean_zooplankton,Ozersky_Apostles_0-30_crustacean_zooplankton,Skistodiaptomus_oregonesis_female_L-1,0,
Ozersky,Apostles,0-30,0.5,64,crustacean_zooplankton,Ozersky_Apostles_0-30_crustacean_zooplankton,Skistodiaptomus_oregonesis_female_witheggs_L-1,0,
Ozersky,Apostles,0-30,0.5,64,crustacean_zooplankton,Ozersky_Apostles_0-30_crustacean_zooplankton,Skistodiaptomus_oregonesis_male_L-1,0,
Ozersky,Apostles,0-30,0.5,64,crustacean_zooplankton,Ozersky_Apostles_0-30_crustacean_zooplankton,Leptodiaptomus_sicilis_female_witheggs_L-1,0.001029402,
Ozersky,Apostles,0-30,0.5,64,crustacean_zooplankton,Ozersky_Apostles_0-30_crustacean_zooplankton,Leptodiaptomus_sicilis_female_L-1,0.046323104,
Ozersky,Apostles,0-30,0.5,64,crustacean_zooplankton,Ozersky_Apostles_0-30_crustacean_zooplankton,Leptodiaptomus_sicilis_male_L-1,0.041176092,
Ozersky,Apostles,0-30,0.5,64,crustacean_zooplankton,Ozersky_Apostles_0-30_crustacean_zooplankton,Limnocalanus_macrurus_female_L-1,0.007205816,
Ozersky,Apostles,0-30,0.5,64,crustacean_zooplankton,Ozersky_Apostles_0-30_crustacean_zooplankton,Limnocalanus_macrurus_male_L-1,0.011323425,
Ozersky,Apostles,0-30,0.5,64,crustacean_zooplankton,Ozersky_Apostles_0-30_crustacean_zooplankton,Leptodiaptomus_minutus_female_L-1,0,
Ozersky,Apostles,0-30,0.5,64,crustacean_zooplankton,Ozersky_Apostles_0-30_crustacean_zooplankton,Leptodiaptomus_minutus_male_L-1,0,
Ozersky,Apostles,0-30,0.5,64,crustacean_zooplankton,Ozersky_Apostles_0-30_crustacean_zooplankton,Leptodiaptomus_ashlandi_female_L-1,0,
Ozersky,Apostles,0-30,0.5,64,crustacean_zooplankton,Ozersky_Apostles_0-30_crustacean_zooplankton,Leptodiaptomus_ashlandi_male_L-1,0,
Ozersky,Apostles,0-30,0.5,64,crustacean_zooplankton,Ozersky_Apostles_0-30_crustacean_zooplankton,Eurytemora_carolleeae_female_L-1,0,
Ozersky,Apostles,0-30,0.5,64,crustacean_zooplankton,Ozersky_Apostles_0-30_crustacean_zooplankton,Copepod_nauplii_L-1,0.060734736,
Ozersky,Apostles,0-30,0.5,64,crustacean_zooplankton,Ozersky_Apostles_0-30_crustacean_zooplankton,Copepodites_cyclopoid_L-1,0.001029402,
Ozersky,Apostles,0-30,0.5,64,crustacean_zooplankton,Ozersky_Apostles_0-30_crustacean_zooplankton,Copepodites_calanoid_L-1,0.001029402,
Ozersky,Apostles,0-30,0.5,64,crustacean_zooplankton,Ozersky_Apostles_0-30_crustacean_zooplankton,Alona_spp_L-1,0,
Ozersky,Apostles,0-30,0.5,64,crustacean_zooplankton,Ozersky_Apostles_0-30_crustacean_zooplankton,Diaphanosoma_birgei_L-1,0,
Ozersky,Apostles,0-30,0.5,64,crustacean_zooplankton,Ozersky_Apostles_0-30_crustacean_zooplankton,Bosmina_longirostris_L-1,0,
Ozersky,Apostles,0-30,0.5,64,crustacean_zooplankton,Ozersky_Apostles_0-30_crustacean_zooplankton,Bosmina_longirostris_with_eggs_L-1,0,
Ozersky,Apostles,0-30,0.5,64,crustacean_zooplankton,Ozersky_Apostles_0-30_crustacean_zooplankton,Daphnia_spp_L-1,0,
Ozersky,Apostles,0-30,0.5,64,crustacean_zooplankton,Ozersky_Apostles_0-30_crustacean_zooplankton,Daphnia_galeata_mendotae_L-1,0,
Ozersky,Apostles,0-30,0.5,64,crustacean_zooplankton,Ozersky_Apostles_0-30_crustacean_zooplankton,Daphnia_galeata_mendotae_witheggs_L-1,0,
Ozersky,Apostles,0-30,0.5,64,crustacean_zooplankton,Ozersky_Apostles_0-30_crustacean_zooplankton,Harpacticoid_copepods_L-1,0,
Ozersky,Apostles,0-30,0.5,64,crustacean_zooplankton,Ozersky_Apostles_0-30_crustacean_zooplankton,Harpacticoid_copepods_witheggs_L-1,0,
Ozersky,Apostles,0-30,0.5,64,crustacean_zooplankton,Ozersky_Apostles_0-30_crustacean_zooplankton,Total_ind_per_L,0.298526668,
Pearce/Xenopolous,BQ1,0-9,0.5,80,crustacean_zooplankton,Pearce/Xenopolous_BQ1_0-9_crustacean_zooplankton,Diacyclops_thomasi_female_L-1,0.011352913,
Pearce/Xenopolous,BQ1,0-9,0.5,80,crustacean_zooplankton,Pearce/Xenopolous_BQ1_0-9_crustacean_zooplankton,Diacyclops_thomasi_female_witheggs_L-1,0.000442321,
Pearce/Xenopolous,BQ1,0-9,0.5,80,crustacean_zooplankton,Pearce/Xenopolous_BQ1_0-9_crustacean_zooplankton,Diacyclops_thomasi_male_L-1,0.005602736,
Pearce/Xenopolous,BQ1,0-9,0.5,80,crustacean_zooplankton,Pearce/Xenopolous_BQ1_0-9_crustacean_zooplankton,Acanthocyclops_vernalis_female_L-1,0.004718094,
Pearce/Xenopolous,BQ1,0-9,0.5,80,crustacean_zooplankton,Pearce/Xenopolous_BQ1_0-9_crustacean_zooplankton,Paracyclops_chiltoni_female_L-1,0,
Pearce/Xenopolous,BQ1,0-9,0.5,80,crustacean_zooplankton,Pearce/Xenopolous_BQ1_0-9_crustacean_zooplankton,Tropocyclops_prasinus_mexicanus_female_L-1,0.006487379,
Pearce/Xenopolous,BQ1,0-9,0.5,80,crustacean_zooplankton,Pearce/Xenopolous_BQ1_0-9_crustacean_zooplankton,Tropocyclops_prasinus_mexicanus_male_L-1,0,
Pearce/Xenopolous,BQ1,0-9,0.5,80,crustacean_zooplankton,Pearce/Xenopolous_BQ1_0-9_crustacean_zooplankton,Skistodiaptomus_oregonesis_female_L-1,0.001326964,
Pearce/Xenopolous,BQ1,0-9,0.5,80,crustacean_zooplankton,Pearce/Xenopolous_BQ1_0-9_crustacean_zooplankton,Skistodiaptomus_oregonesis_female_witheggs_L-1,0,
Pearce/Xenopolous,BQ1,0-9,0.5,80,crustacean_zooplankton,Pearce/Xenopolous_BQ1_0-9_crustacean_zooplankton,Skistodiaptomus_oregonesis_male_L-1,0.001769285,
Pearce/Xenopolous,BQ1,0-9,0.5,80,crustacean_zooplankton,Pearce/Xenopolous_BQ1_0-9_crustacean_zooplankton,Leptodiaptomus_sicilis_female_witheggs_L-1,0,
Pearce/Xenopolous,BQ1,0-9,0.5,80,crustacean_zooplankton,Pearce/Xenopolous_BQ1_0-9_crustacean_zooplankton,Leptodiaptomus_sicilis_female_L-1,0,
Pearce/Xenopolous,BQ1,0-9,0.5,80,crustacean_zooplankton,Pearce/Xenopolous_BQ1_0-9_crustacean_zooplankton,Leptodiaptomus_sicilis_male_L-1,0,
Pearce/Xenopolous,BQ1,0-9,0.5,80,crustacean_zooplankton,Pearce/Xenopolous_BQ1_0-9_crustacean_zooplankton,Limnocalanus_macrurus_female_L-1,0,
Pearce/Xenopolous,BQ1,0-9,0.5,80,crustacean_zooplankton,Pearce/Xenopolous_BQ1_0-9_crustacean_zooplankton,Limnocalanus_macrurus_male_L-1,0,
Pearce/Xenopolous,BQ1,0-9,0.5,80,crustacean_zooplankton,Pearce/Xenopolous_BQ1_0-9_crustacean_zooplankton,Leptodiaptomus_minutus_female_L-1,0,
Pearce/Xenopolous,BQ1,0-9,0.5,80,crustacean_zooplankton,Pearce/Xenopolous_BQ1_0-9_crustacean_zooplankton,Leptodiaptomus_minutus_male_L-1,0,
Pearce/Xenopolous,BQ1,0-9,0.5,80,crustacean_zooplankton,Pearce/Xenopolous_BQ1_0-9_crustacean_zooplankton,Leptodiaptomus_ashlandi_female_L-1,0,
Pearce/Xenopolous,BQ1,0-9,0.5,80,crustacean_zooplankton,Pearce/Xenopolous_BQ1_0-9_crustacean_zooplankton,Leptodiaptomus_ashlandi_male_L-1,0,
Pearce/Xenopolous,BQ1,0-9,0.5,80,crustacean_zooplankton,Pearce/Xenopolous_BQ1_0-9_crustacean_zooplankton,Eurytemora_carolleeae_female_L-1,0,
Pearce/Xenopolous,BQ1,0-9,0.5,80,crustacean_zooplankton,Pearce/Xenopolous_BQ1_0-9_crustacean_zooplankton,Copepod_nauplii_L-1,0.056027365,
Pearce/Xenopolous,BQ1,0-9,0.5,80,crustacean_zooplankton,Pearce/Xenopolous_BQ1_0-9_crustacean_zooplankton,Copepodites_cyclopoid_L-1,0.035828025,
Pearce/Xenopolous,BQ1,0-9,0.5,80,crustacean_zooplankton,Pearce/Xenopolous_BQ1_0-9_crustacean_zooplankton,Copepodites_calanoid_L-1,0.006045058,
Pearce/Xenopolous,BQ1,0-9,0.5,80,crustacean_zooplankton,Pearce/Xenopolous_BQ1_0-9_crustacean_zooplankton,Alona_spp_L-1,0.0069297,
Pearce/Xenopolous,BQ1,0-9,0.5,80,crustacean_zooplankton,Pearce/Xenopolous_BQ1_0-9_crustacean_zooplankton,Diaphanosoma_birgei_L-1,0.004718094,
Pearce/Xenopolous,BQ1,0-9,0.5,80,crustacean_zooplankton,Pearce/Xenopolous_BQ1_0-9_crustacean_zooplankton,Bosmina_longirostris_L-1,0.008698986,
Pearce/Xenopolous,BQ1,0-9,0.5,80,crustacean_zooplankton,Pearce/Xenopolous_BQ1_0-9_crustacean_zooplankton,Bosmina_longirostris_with_eggs_L-1,0.001326964,
Pearce/Xenopolous,BQ1,0-9,0.5,80,crustacean_zooplankton,Pearce/Xenopolous_BQ1_0-9_crustacean_zooplankton,Daphnia_spp_L-1,0.001326964,
Pearce/Xenopolous,BQ1,0-9,0.5,80,crustacean_zooplankton,Pearce/Xenopolous_BQ1_0-9_crustacean_zooplankton,Daphnia_galeata_mendotae_L-1,0,
Pearce/Xenopolous,BQ1,0-9,0.5,80,crustacean_zooplankton,Pearce/Xenopolous_BQ1_0-9_crustacean_zooplankton,Daphnia_galeata_mendotae_witheggs_L-1,0,
Pearce/Xenopolous,BQ1,0-9,0.5,80,crustacean_zooplankton,Pearce/Xenopolous_BQ1_0-9_crustacean_zooplankton,Harpacticoid_copepods_L-1,0.000442321,
Pearce/Xenopolous,BQ1,0-9,0.5,80,crustacean_zooplankton,Pearce/Xenopolous_BQ1_0-9_crustacean_zooplankton,Harpacticoid_copepods_witheggs_L-1,0,
Pearce/Xenopolous,BQ1,0-9,0.5,80,crustacean_zooplankton,Pearce/Xenopolous_BQ1_0-9_crustacean_zooplankton,Total_ind_per_L,0.153043171,
Currie,CCIW_Hamilton_Harbour,0-7.4,0.3,64,crustacean_zooplankton,Currie_CCIW_Hamilton_Harbour_0-7.4_crustacean_zooplankton,Diacyclops_thomasi_female_L-1,1.4983136,
Currie,CCIW_Hamilton_Harbour,0-7.4,0.3,64,crustacean_zooplankton,Currie_CCIW_Hamilton_Harbour_0-7.4_crustacean_zooplankton,Diacyclops_thomasi_female_witheggs_L-1,0.095637038,
Currie,CCIW_Hamilton_Harbour,0-7.4,0.3,64,crustacean_zooplankton,Currie_CCIW_Hamilton_Harbour_0-7.4_crustacean_zooplankton,Diacyclops_thomasi_male_L-1,0.223153089,
Currie,CCIW_Hamilton_Harbour,0-7.4,0.3,64,crustacean_zooplankton,Currie_CCIW_Hamilton_Harbour_0-7.4_crustacean_zooplankton,Acanthocyclops_vernalis_female_L-1,0.159395064,
Currie,CCIW_Hamilton_Harbour,0-7.4,0.3,64,crustacean_zooplankton,Currie_CCIW_Hamilton_Harbour_0-7.4_crustacean_zooplankton,Paracyclops_chiltoni_female_L-1,0,
Currie,CCIW_Hamilton_Harbour,0-7.4,0.3,64,crustacean_zooplankton,Currie_CCIW_Hamilton_Harbour_0-7.4_crustacean_zooplankton,Tropocyclops_prasinus_mexicanus_female_L-1,0,
Currie,CCIW_Hamilton_Harbour,0-7.4,0.3,64,crustacean_zooplankton,Currie_CCIW_Hamilton_Harbour_0-7.4_crustacean_zooplankton,Tropocyclops_prasinus_mexicanus_male_L-1,0,
Currie,CCIW_Hamilton_Harbour,0-7.4,0.3,64,crustacean_zooplankton,Currie_CCIW_Hamilton_Harbour_0-7.4_crustacean_zooplankton,Skistodiaptomus_oregonesis_female_L-1,0,
Currie,CCIW_Hamilton_Harbour,0-7.4,0.3,64,crustacean_zooplankton,Currie_CCIW_Hamilton_Harbour_0-7.4_crustacean_zooplankton,Skistodiaptomus_oregonesis_female_witheggs_L-1,0,
Currie,CCIW_Hamilton_Harbour,0-7.4,0.3,64,crustacean_zooplankton,Currie_CCIW_Hamilton_Harbour_0-7.4_crustacean_zooplankton,Skistodiaptomus_oregonesis_male_L-1,0,
Currie,CCIW_Hamilton_Harbour,0-7.4,0.3,64,crustacean_zooplankton,Currie_CCIW_Hamilton_Harbour_0-7.4_crustacean_zooplankton,Leptodiaptomus_sicilis_female_witheggs_L-1,0,
Currie,CCIW_Hamilton_Harbour,0-7.4,0.3,64,crustacean_zooplankton,Currie_CCIW_Hamilton_Harbour_0-7.4_crustacean_zooplankton,Leptodiaptomus_sicilis_female_L-1,0.031879013,
Currie,CCIW_Hamilton_Harbour,0-7.4,0.3,64,crustacean_zooplankton,Currie_CCIW_Hamilton_Harbour_0-7.4_crustacean_zooplankton,Leptodiaptomus_sicilis_male_L-1,0,
Currie,CCIW_Hamilton_Harbour,0-7.4,0.3,64,crustacean_zooplankton,Currie_CCIW_Hamilton_Harbour_0-7.4_crustacean_zooplankton,Limnocalanus_macrurus_female_L-1,0,
Currie,CCIW_Hamilton_Harbour,0-7.4,0.3,64,crustacean_zooplankton,Currie_CCIW_Hamilton_Harbour_0-7.4_crustacean_zooplankton,Limnocalanus_macrurus_male_L-1,0,
Currie,CCIW_Hamilton_Harbour,0-7.4,0.3,64,crustacean_zooplankton,Currie_CCIW_Hamilton_Harbour_0-7.4_crustacean_zooplankton,Leptodiaptomus_minutus_female_L-1,0,
Currie,CCIW_Hamilton_Harbour,0-7.4,0.3,64,crustacean_zooplankton,Currie_CCIW_Hamilton_Harbour_0-7.4_crustacean_zooplankton,Leptodiaptomus_minutus_male_L-1,0,
Currie,CCIW_Hamilton_Harbour,0-7.4,0.3,64,crustacean_zooplankton,Currie_CCIW_Hamilton_Harbour_0-7.4_crustacean_zooplankton,Leptodiaptomus_ashlandi_female_L-1,0,
Currie,CCIW_Hamilton_Harbour,0-7.4,0.3,64,crustacean_zooplankton,Currie_CCIW_Hamilton_Harbour_0-7.4_crustacean_zooplankton,Leptodiaptomus_ashlandi_male_L-1,0,
Currie,CCIW_Hamilton_Harbour,0-7.4,0.3,64,crustacean_zooplankton,Currie_CCIW_Hamilton_Harbour_0-7.4_crustacean_zooplankton,Eurytemora_carolleeae_female_L-1,0,
Currie,CCIW_Hamilton_Harbour,0-7.4,0.3,64,crustacean_zooplankton,Currie_CCIW_Hamilton_Harbour_0-7.4_crustacean_zooplankton,Copepod_nauplii_L-1,4.080513635,
Currie,CCIW_Hamilton_Harbour,0-7.4,0.3,64,crustacean_zooplankton,Currie_CCIW_Hamilton_Harbour_0-7.4_crustacean_zooplankton,Copepodites_cyclopoid_L-1,0.733217294,
Currie,CCIW_Hamilton_Harbour,0-7.4,0.3,64,crustacean_zooplankton,Currie_CCIW_Hamilton_Harbour_0-7.4_crustacean_zooplankton,Copepodites_calanoid_L-1,0.031879013,
Currie,CCIW_Hamilton_Harbour,0-7.4,0.3,64,crustacean_zooplankton,Currie_CCIW_Hamilton_Harbour_0-7.4_crustacean_zooplankton,Alona_spp_L-1,0.063758026,
Currie,CCIW_Hamilton_Harbour,0-7.4,0.3,64,crustacean_zooplankton,Currie_CCIW_Hamilton_Harbour_0-7.4_crustacean_zooplankton,Diaphanosoma_birgei_L-1,0.063758026,
Currie,CCIW_Hamilton_Harbour,0-7.4,0.3,64,crustacean_zooplankton,Currie_CCIW_Hamilton_Harbour_0-7.4_crustacean_zooplankton,Bosmina_longirostris_L-1,1.880861753,
Currie,CCIW_Hamilton_Harbour,0-7.4,0.3,64,crustacean_zooplankton,Currie_CCIW_Hamilton_Harbour_0-7.4_crustacean_zooplankton,Bosmina_longirostris_with_eggs_L-1,0.031879013,
Currie,CCIW_Hamilton_Harbour,0-7.4,0.3,64,crustacean_zooplankton,Currie_CCIW_Hamilton_Harbour_0-7.4_crustacean_zooplankton,Daphnia_spp_L-1,0.541943217,
Currie,CCIW_Hamilton_Harbour,0-7.4,0.3,64,crustacean_zooplankton,Currie_CCIW_Hamilton_Harbour_0-7.4_crustacean_zooplankton,Daphnia_galeata_mendotae_L-1,0,
Currie,CCIW_Hamilton_Harbour,0-7.4,0.3,64,crustacean_zooplankton,Currie_CCIW_Hamilton_Harbour_0-7.4_crustacean_zooplankton,Daphnia_galeata_mendotae_witheggs_L-1,0,
Currie,CCIW_Hamilton_Harbour,0-7.4,0.3,64,crustacean_zooplankton,Currie_CCIW_Hamilton_Harbour_0-7.4_crustacean_zooplankton,Harpacticoid_copepods_L-1,0,
Currie,CCIW_Hamilton_Harbour,0-7.4,0.3,64,crustacean_zooplankton,Currie_CCIW_Hamilton_Harbour_0-7.4_crustacean_zooplankton,Harpacticoid_copepods_witheggs_L-1,0,
Currie,CCIW_Hamilton_Harbour,0-7.4,0.3,64,crustacean_zooplankton,Currie_CCIW_Hamilton_Harbour_0-7.4_crustacean_zooplankton,Total_ind_per_L,9.43618778,
Pearce/Xenopolous,GB1,0-7,0.5,80,crustacean_zooplankton,Pearce/Xenopolous_GB1_0-7_crustacean_zooplankton,Diacyclops_thomasi_female_L-1,0.031119199,
Pearce/Xenopolous,GB1,0-7,0.5,80,crustacean_zooplankton,Pearce/Xenopolous_GB1_0-7_crustacean_zooplankton,Diacyclops_thomasi_female_witheggs_L-1,0,
Pearce/Xenopolous,GB1,0-7,0.5,80,crustacean_zooplankton,Pearce/Xenopolous_GB1_0-7_crustacean_zooplankton,Diacyclops_thomasi_male_L-1,0.010646042,
Pearce/Xenopolous,GB1,0-7,0.5,80,crustacean_zooplankton,Pearce/Xenopolous_GB1_0-7_crustacean_zooplankton,Acanthocyclops_vernalis_female_L-1,0.004094631,
Pearce/Xenopolous,GB1,0-7,0.5,80,crustacean_zooplankton,Pearce/Xenopolous_GB1_0-7_crustacean_zooplankton,Paracyclops_chiltoni_female_L-1,0,
Pearce/Xenopolous,GB1,0-7,0.5,80,crustacean_zooplankton,Pearce/Xenopolous_GB1_0-7_crustacean_zooplankton,Tropocyclops_prasinus_mexicanus_female_L-1,0.021292084,
Pearce/Xenopolous,GB1,0-7,0.5,80,crustacean_zooplankton,Pearce/Xenopolous_GB1_0-7_crustacean_zooplankton,Tropocyclops_prasinus_mexicanus_male_L-1,0,
Pearce/Xenopolous,GB1,0-7,0.5,80,crustacean_zooplankton,Pearce/Xenopolous_GB1_0-7_crustacean_zooplankton,Skistodiaptomus_oregonesis_female_L-1,0.005732484,
Pearce/Xenopolous,GB1,0-7,0.5,80,crustacean_zooplankton,Pearce/Xenopolous_GB1_0-7_crustacean_zooplankton,Skistodiaptomus_oregonesis_female_witheggs_L-1,0.000818926,
Pearce/Xenopolous,GB1,0-7,0.5,80,crustacean_zooplankton,Pearce/Xenopolous_GB1_0-7_crustacean_zooplankton,Skistodiaptomus_oregonesis_male_L-1,0.016378526,
Pearce/Xenopolous,GB1,0-7,0.5,80,crustacean_zooplankton,Pearce/Xenopolous_GB1_0-7_crustacean_zooplankton,Leptodiaptomus_sicilis_female_witheggs_L-1,0,
Pearce/Xenopolous,GB1,0-7,0.5,80,crustacean_zooplankton,Pearce/Xenopolous_GB1_0-7_crustacean_zooplankton,Leptodiaptomus_sicilis_female_L-1,0,
Pearce/Xenopolous,GB1,0-7,0.5,80,crustacean_zooplankton,Pearce/Xenopolous_GB1_0-7_crustacean_zooplankton,Leptodiaptomus_sicilis_male_L-1,0,
Pearce/Xenopolous,GB1,0-7,0.5,80,crustacean_zooplankton,Pearce/Xenopolous_GB1_0-7_crustacean_zooplankton,Limnocalanus_macrurus_female_L-1,0,
Pearce/Xenopolous,GB1,0-7,0.5,80,crustacean_zooplankton,Pearce/Xenopolous_GB1_0-7_crustacean_zooplankton,Limnocalanus_macrurus_male_L-1,0,
Pearce/Xenopolous,GB1,0-7,0.5,80,crustacean_zooplankton,Pearce/Xenopolous_GB1_0-7_crustacean_zooplankton,Leptodiaptomus_minutus_female_L-1,0.001637853,
Pearce/Xenopolous,GB1,0-7,0.5,80,crustacean_zooplankton,Pearce/Xenopolous_GB1_0-7_crustacean_zooplankton,Leptodiaptomus_minutus_male_L-1,0,
Pearce/Xenopolous,GB1,0-7,0.5,80,crustacean_zooplankton,Pearce/Xenopolous_GB1_0-7_crustacean_zooplankton,Leptodiaptomus_ashlandi_female_L-1,0,
Pearce/Xenopolous,GB1,0-7,0.5,80,crustacean_zooplankton,Pearce/Xenopolous_GB1_0-7_crustacean_zooplankton,Leptodiaptomus_ashlandi_male_L-1,0,
Pearce/Xenopolous,GB1,0-7,0.5,80,crustacean_zooplankton,Pearce/Xenopolous_GB1_0-7_crustacean_zooplankton,Eurytemora_carolleeae_female_L-1,0,
Pearce/Xenopolous,GB1,0-7,0.5,80,crustacean_zooplankton,Pearce/Xenopolous_GB1_0-7_crustacean_zooplankton,Copepod_nauplii_L-1,0.027024568,
Pearce/Xenopolous,GB1,0-7,0.5,80,crustacean_zooplankton,Pearce/Xenopolous_GB1_0-7_crustacean_zooplankton,Copepodites_cyclopoid_L-1,0.03767061,
Pearce/Xenopolous,GB1,0-7,0.5,80,crustacean_zooplankton,Pearce/Xenopolous_GB1_0-7_crustacean_zooplankton,Copepodites_calanoid_L-1,0.012283894,
Pearce/Xenopolous,GB1,0-7,0.5,80,crustacean_zooplankton,Pearce/Xenopolous_GB1_0-7_crustacean_zooplankton,Alona_spp_L-1,0.000818926,
Pearce/Xenopolous,GB1,0-7,0.5,80,crustacean_zooplankton,Pearce/Xenopolous_GB1_0-7_crustacean_zooplankton,Diaphanosoma_birgei_L-1,0,
Pearce/Xenopolous,GB1,0-7,0.5,80,crustacean_zooplankton,Pearce/Xenopolous_GB1_0-7_crustacean_zooplankton,Bosmina_longirostris_L-1,0.004094631,
Pearce/Xenopolous,GB1,0-7,0.5,80,crustacean_zooplankton,Pearce/Xenopolous_GB1_0-7_crustacean_zooplankton,Bosmina_longirostris_with_eggs_L-1,0,
Pearce/Xenopolous,GB1,0-7,0.5,80,crustacean_zooplankton,Pearce/Xenopolous_GB1_0-7_crustacean_zooplankton,Daphnia_spp_L-1,0,
Pearce/Xenopolous,GB1,0-7,0.5,80,crustacean_zooplankton,Pearce/Xenopolous_GB1_0-7_crustacean_zooplankton,Daphnia_galeata_mendotae_L-1,0,
Pearce/Xenopolous,GB1,0-7,0.5,80,crustacean_zooplankton,Pearce/Xenopolous_GB1_0-7_crustacean_zooplankton,Daphnia_galeata_mendotae_witheggs_L-1,0,
Pearce/Xenopolous,GB1,0-7,0.5,80,crustacean_zooplankton,Pearce/Xenopolous_GB1_0-7_crustacean_zooplankton,Harpacticoid_copepods_L-1,0,
Pearce/Xenopolous,GB1,0-7,0.5,80,crustacean_zooplankton,Pearce/Xenopolous_GB1_0-7_crustacean_zooplankton,Harpacticoid_copepods_witheggs_L-1,0,
Pearce/Xenopolous,GB1,0-7,0.5,80,crustacean_zooplankton,Pearce/Xenopolous_GB1_0-7_crustacean_zooplankton,Total_ind_per_L,0.173612375,
Ozersky,Green_Bay,0-5,0.5,64,crustacean_zooplankton,Ozersky_Green_Bay_0-5_crustacean_zooplankton,Diacyclops_thomasi_female_L-1,0.50955414,
Ozersky,Green_Bay,0-5,0.5,64,crustacean_zooplankton,Ozersky_Green_Bay_0-5_crustacean_zooplankton,Diacyclops_thomasi_female_witheggs_L-1,0.040764331,
Ozersky,Green_Bay,0-5,0.5,64,crustacean_zooplankton,Ozersky_Green_Bay_0-5_crustacean_zooplankton,Diacyclops_thomasi_male_L-1,0.285350318,
Ozersky,Green_Bay,0-5,0.5,64,crustacean_zooplankton,Ozersky_Green_Bay_0-5_crustacean_zooplankton,Acanthocyclops_vernalis_female_L-1,0,
Ozersky,Green_Bay,0-5,0.5,64,crustacean_zooplankton,Ozersky_Green_Bay_0-5_crustacean_zooplankton,Paracyclops_chiltoni_female_L-1,0,
Ozersky,Green_Bay,0-5,0.5,64,crustacean_zooplankton,Ozersky_Green_Bay_0-5_crustacean_zooplankton,Tropocyclops_prasinus_mexicanus_female_L-1,0.040764331,
Ozersky,Green_Bay,0-5,0.5,64,crustacean_zooplankton,Ozersky_Green_Bay_0-5_crustacean_zooplankton,Tropocyclops_prasinus_mexicanus_male_L-1,0,
Ozersky,Green_Bay,0-5,0.5,64,crustacean_zooplankton,Ozersky_Green_Bay_0-5_crustacean_zooplankton,Skistodiaptomus_oregonesis_female_L-1,0,
Ozersky,Green_Bay,0-5,0.5,64,crustacean_zooplankton,Ozersky_Green_Bay_0-5_crustacean_zooplankton,Skistodiaptomus_oregonesis_female_witheggs_L-1,0,
Ozersky,Green_Bay,0-5,0.5,64,crustacean_zooplankton,Ozersky_Green_Bay_0-5_crustacean_zooplankton,Skistodiaptomus_oregonesis_male_L-1,0,
Ozersky,Green_Bay,0-5,0.5,64,crustacean_zooplankton,Ozersky_Green_Bay_0-5_crustacean_zooplankton,Leptodiaptomus_sicilis_female_witheggs_L-1,0,
Ozersky,Green_Bay,0-5,0.5,64,crustacean_zooplankton,Ozersky_Green_Bay_0-5_crustacean_zooplankton,Leptodiaptomus_sicilis_female_L-1,0,
Ozersky,Green_Bay,0-5,0.5,64,crustacean_zooplankton,Ozersky_Green_Bay_0-5_crustacean_zooplankton,Leptodiaptomus_sicilis_male_L-1,0.061146497,
Ozersky,Green_Bay,0-5,0.5,64,crustacean_zooplankton,Ozersky_Green_Bay_0-5_crustacean_zooplankton,Limnocalanus_macrurus_female_L-1,0,
Ozersky,Green_Bay,0-5,0.5,64,crustacean_zooplankton,Ozersky_Green_Bay_0-5_crustacean_zooplankton,Limnocalanus_macrurus_male_L-1,0,
Ozersky,Green_Bay,0-5,0.5,64,crustacean_zooplankton,Ozersky_Green_Bay_0-5_crustacean_zooplankton,Leptodiaptomus_minutus_female_L-1,0,
Ozersky,Green_Bay,0-5,0.5,64,crustacean_zooplankton,Ozersky_Green_Bay_0-5_crustacean_zooplankton,Leptodiaptomus_minutus_male_L-1,0,
Ozersky,Green_Bay,0-5,0.5,64,crustacean_zooplankton,Ozersky_Green_Bay_0-5_crustacean_zooplankton,Leptodiaptomus_ashlandi_female_L-1,0,
Ozersky,Green_Bay,0-5,0.5,64,crustacean_zooplankton,Ozersky_Green_Bay_0-5_crustacean_zooplankton,Leptodiaptomus_ashlandi_male_L-1,0,
Ozersky,Green_Bay,0-5,0.5,64,crustacean_zooplankton,Ozersky_Green_Bay_0-5_crustacean_zooplankton,Eurytemora_carolleeae_female_L-1,0,
Ozersky,Green_Bay,0-5,0.5,64,crustacean_zooplankton,Ozersky_Green_Bay_0-5_crustacean_zooplankton,Copepod_nauplii_L-1,4.21910828,
Ozersky,Green_Bay,0-5,0.5,64,crustacean_zooplankton,Ozersky_Green_Bay_0-5_crustacean_zooplankton,Copepodites_cyclopoid_L-1,0.244585987,
Ozersky,Green_Bay,0-5,0.5,64,crustacean_zooplankton,Ozersky_Green_Bay_0-5_crustacean_zooplankton,Copepodites_calanoid_L-1,0.020382166,
Ozersky,Green_Bay,0-5,0.5,64,crustacean_zooplankton,Ozersky_Green_Bay_0-5_crustacean_zooplankton,Alona_spp_L-1,0.020382166,
Ozersky,Green_Bay,0-5,0.5,64,crustacean_zooplankton,Ozersky_Green_Bay_0-5_crustacean_zooplankton,Diaphanosoma_birgei_L-1,0.020382166,
Ozersky,Green_Bay,0-5,0.5,64,crustacean_zooplankton,Ozersky_Green_Bay_0-5_crustacean_zooplankton,Bosmina_longirostris_L-1,0.020382166,
Ozersky,Green_Bay,0-5,0.5,64,crustacean_zooplankton,Ozersky_Green_Bay_0-5_crustacean_zooplankton,Bosmina_longirostris_with_eggs_L-1,0,
Ozersky,Green_Bay,0-5,0.5,64,crustacean_zooplankton,Ozersky_Green_Bay_0-5_crustacean_zooplankton,Daphnia_spp_L-1,0,
Ozersky,Green_Bay,0-5,0.5,64,crustacean_zooplankton,Ozersky_Green_Bay_0-5_crustacean_zooplankton,Daphnia_galeata_mendotae_L-1,0,
Ozersky,Green_Bay,0-5,0.5,64,crustacean_zooplankton,Ozersky_Green_Bay_0-5_crustacean_zooplankton,Daphnia_galeata_mendotae_witheggs_L-1,0,
Ozersky,Green_Bay,0-5,0.5,64,crustacean_zooplankton,Ozersky_Green_Bay_0-5_crustacean_zooplankton,Harpacticoid_copepods_L-1,0,
Ozersky,Green_Bay,0-5,0.5,64,crustacean_zooplankton,Ozersky_Green_Bay_0-5_crustacean_zooplankton,Harpacticoid_copepods_witheggs_L-1,0,
Ozersky,Green_Bay,0-5,0.5,64,crustacean_zooplankton,Ozersky_Green_Bay_0-5_crustacean_zooplankton,Total_ind_per_L,5.482802548,
Vick-Majors,Keweenaw_Bay_KB,0-17,0.5,64,crustacean_zooplankton,Vick-Majors_Keweenaw_Bay_KB_0-17_crustacean_zooplankton,Diacyclops_thomasi_female_L-1,0.256918054,
Vick-Majors,Keweenaw_Bay_KB,0-17,0.5,64,crustacean_zooplankton,Vick-Majors_Keweenaw_Bay_KB_0-17_crustacean_zooplankton,Diacyclops_thomasi_female_witheggs_L-1,0,
Vick-Majors,Keweenaw_Bay_KB,0-17,0.5,64,crustacean_zooplankton,Vick-Majors_Keweenaw_Bay_KB_0-17_crustacean_zooplankton,Diacyclops_thomasi_male_L-1,0.006422951,
Vick-Majors,Keweenaw_Bay_KB,0-17,0.5,64,crustacean_zooplankton,Vick-Majors_Keweenaw_Bay_KB_0-17_crustacean_zooplankton,Acanthocyclops_vernalis_female_L-1,0,
Vick-Majors,Keweenaw_Bay_KB,0-17,0.5,64,crustacean_zooplankton,Vick-Majors_Keweenaw_Bay_KB_0-17_crustacean_zooplankton,Paracyclops_chiltoni_female_L-1,0,
Vick-Majors,Keweenaw_Bay_KB,0-17,0.5,64,crustacean_zooplankton,Vick-Majors_Keweenaw_Bay_KB_0-17_crustacean_zooplankton,Tropocyclops_prasinus_mexicanus_female_L-1,0,
Vick-Majors,Keweenaw_Bay_KB,0-17,0.5,64,crustacean_zooplankton,Vick-Majors_Keweenaw_Bay_KB_0-17_crustacean_zooplankton,Tropocyclops_prasinus_mexicanus_male_L-1,0,
Vick-Majors,Keweenaw_Bay_KB,0-17,0.5,64,crustacean_zooplankton,Vick-Majors_Keweenaw_Bay_KB_0-17_crustacean_zooplankton,Skistodiaptomus_oregonesis_female_L-1,0,
Vick-Majors,Keweenaw_Bay_KB,0-17,0.5,64,crustacean_zooplankton,Vick-Majors_Keweenaw_Bay_KB_0-17_crustacean_zooplankton,Skistodiaptomus_oregonesis_female_witheggs_L-1,0,
Vick-Majors,Keweenaw_Bay_KB,0-17,0.5,64,crustacean_zooplankton,Vick-Majors_Keweenaw_Bay_KB_0-17_crustacean_zooplankton,Skistodiaptomus_oregonesis_male_L-1,0,
Vick-Majors,Keweenaw_Bay_KB,0-17,0.5,64,crustacean_zooplankton,Vick-Majors_Keweenaw_Bay_KB_0-17_crustacean_zooplankton,Leptodiaptomus_sicilis_female_witheggs_L-1,0,
Vick-Majors,Keweenaw_Bay_KB,0-17,0.5,64,crustacean_zooplankton,Vick-Majors_Keweenaw_Bay_KB_0-17_crustacean_zooplankton,Leptodiaptomus_sicilis_female_L-1,0.087780335,
Vick-Majors,Keweenaw_Bay_KB,0-17,0.5,64,crustacean_zooplankton,Vick-Majors_Keweenaw_Bay_KB_0-17_crustacean_zooplankton,Leptodiaptomus_sicilis_male_L-1,0.231226248,
Vick-Majors,Keweenaw_Bay_KB,0-17,0.5,64,crustacean_zooplankton,Vick-Majors_Keweenaw_Bay_KB_0-17_crustacean_zooplankton,Limnocalanus_macrurus_female_L-1,0.002140984,
Vick-Majors,Keweenaw_Bay_KB,0-17,0.5,64,crustacean_zooplankton,Vick-Majors_Keweenaw_Bay_KB_0-17_crustacean_zooplankton,Limnocalanus_macrurus_male_L-1,0.004281968,
Vick-Majors,Keweenaw_Bay_KB,0-17,0.5,64,crustacean_zooplankton,Vick-Majors_Keweenaw_Bay_KB_0-17_crustacean_zooplankton,Leptodiaptomus_minutus_female_L-1,0,
Vick-Majors,Keweenaw_Bay_KB,0-17,0.5,64,crustacean_zooplankton,Vick-Majors_Keweenaw_Bay_KB_0-17_crustacean_zooplankton,Leptodiaptomus_minutus_male_L-1,0,
Vick-Majors,Keweenaw_Bay_KB,0-17,0.5,64,crustacean_zooplankton,Vick-Majors_Keweenaw_Bay_KB_0-17_crustacean_zooplankton,Leptodiaptomus_ashlandi_female_L-1,0,
Vick-Majors,Keweenaw_Bay_KB,0-17,0.5,64,crustacean_zooplankton,Vick-Majors_Keweenaw_Bay_KB_0-17_crustacean_zooplankton,Leptodiaptomus_ashlandi_male_L-1,0,
Vick-Majors,Keweenaw_Bay_KB,0-17,0.5,64,crustacean_zooplankton,Vick-Majors_Keweenaw_Bay_KB_0-17_crustacean_zooplankton,Eurytemora_carolleeae_female_L-1,0,
Vick-Majors,Keweenaw_Bay_KB,0-17,0.5,64,crustacean_zooplankton,Vick-Majors_Keweenaw_Bay_KB_0-17_crustacean_zooplankton,Copepod_nauplii_L-1,0.006422951,
Vick-Majors,Keweenaw_Bay_KB,0-17,0.5,64,crustacean_zooplankton,Vick-Majors_Keweenaw_Bay_KB_0-17_crustacean_zooplankton,Copepodites_cyclopoid_L-1,0.040678692,
Vick-Majors,Keweenaw_Bay_KB,0-17,0.5,64,crustacean_zooplankton,Vick-Majors_Keweenaw_Bay_KB_0-17_crustacean_zooplankton,Copepodites_calanoid_L-1,0.012845903,
Vick-Majors,Keweenaw_Bay_KB,0-17,0.5,64,crustacean_zooplankton,Vick-Majors_Keweenaw_Bay_KB_0-17_crustacean_zooplankton,Alona_spp_L-1,0,
Vick-Majors,Keweenaw_Bay_KB,0-17,0.5,64,crustacean_zooplankton,Vick-Majors_Keweenaw_Bay_KB_0-17_crustacean_zooplankton,Diaphanosoma_birgei_L-1,0,
Vick-Majors,Keweenaw_Bay_KB,0-17,0.5,64,crustacean_zooplankton,Vick-Majors_Keweenaw_Bay_KB_0-17_crustacean_zooplankton,Bosmina_longirostris_L-1,0,
Vick-Majors,Keweenaw_Bay_KB,0-17,0.5,64,crustacean_zooplankton,Vick-Majors_Keweenaw_Bay_KB_0-17_crustacean_zooplankton,Bosmina_longirostris_with_eggs_L-1,0,
Vick-Majors,Keweenaw_Bay_KB,0-17,0.5,64,crustacean_zooplankton,Vick-Majors_Keweenaw_Bay_KB_0-17_crustacean_zooplankton,Daphnia_spp_L-1,0,
Vick-Majors,Keweenaw_Bay_KB,0-17,0.5,64,crustacean_zooplankton,Vick-Majors_Keweenaw_Bay_KB_0-17_crustacean_zooplankton,Daphnia_galeata_mendotae_L-1,0,
Vick-Majors,Keweenaw_Bay_KB,0-17,0.5,64,crustacean_zooplankton,Vick-Majors_Keweenaw_Bay_KB_0-17_crustacean_zooplankton,Daphnia_galeata_mendotae_witheggs_L-1,0,
Vick-Majors,Keweenaw_Bay_KB,0-17,0.5,64,crustacean_zooplankton,Vick-Majors_Keweenaw_Bay_KB_0-17_crustacean_zooplankton,Harpacticoid_copepods_L-1,0,
Vick-Majors,Keweenaw_Bay_KB,0-17,0.5,64,crustacean_zooplankton,Vick-Majors_Keweenaw_Bay_KB_0-17_crustacean_zooplankton,Harpacticoid_copepods_witheggs_L-1,0,
Vick-Majors,Keweenaw_Bay_KB,0-17,0.5,64,crustacean_zooplankton,Vick-Majors_Keweenaw_Bay_KB_0-17_crustacean_zooplankton,Total_ind_per_L,0.648718086,
Zastepa,RW_Ridgeway_Abino_Bay,0-1,0.127,20,crustacean_zooplankton,Zastepa_RW_Ridgeway_Abino_Bay_0-1_crustacean_zooplankton,Diacyclops_thomasi_female_L-1,0.028987969,
Zastepa,RW_Ridgeway_Abino_Bay,0-1,0.127,20,crustacean_zooplankton,Zastepa_RW_Ridgeway_Abino_Bay_0-1_crustacean_zooplankton,Diacyclops_thomasi_female_witheggs_L-1,0,
Zastepa,RW_Ridgeway_Abino_Bay,0-1,0.127,20,crustacean_zooplankton,Zastepa_RW_Ridgeway_Abino_Bay_0-1_crustacean_zooplankton,Diacyclops_thomasi_male_L-1,0,
Zastepa,RW_Ridgeway_Abino_Bay,0-1,0.127,20,crustacean_zooplankton,Zastepa_RW_Ridgeway_Abino_Bay_0-1_crustacean_zooplankton,Acanthocyclops_vernalis_female_L-1,0,
Zastepa,RW_Ridgeway_Abino_Bay,0-1,0.127,20,crustacean_zooplankton,Zastepa_RW_Ridgeway_Abino_Bay_0-1_crustacean_zooplankton,Paracyclops_chiltoni_female_L-1,0.028987969,
Zastepa,RW_Ridgeway_Abino_Bay,0-1,0.127,20,crustacean_zooplankton,Zastepa_RW_Ridgeway_Abino_Bay_0-1_crustacean_zooplankton,Tropocyclops_prasinus_mexicanus_female_L-1,0,
Zastepa,RW_Ridgeway_Abino_Bay,0-1,0.127,20,crustacean_zooplankton,Zastepa_RW_Ridgeway_Abino_Bay_0-1_crustacean_zooplankton,Tropocyclops_prasinus_mexicanus_male_L-1,0,
Zastepa,RW_Ridgeway_Abino_Bay,0-1,0.127,20,crustacean_zooplankton,Zastepa_RW_Ridgeway_Abino_Bay_0-1_crustacean_zooplankton,Skistodiaptomus_oregonesis_female_L-1,0.014493984,
Zastepa,RW_Ridgeway_Abino_Bay,0-1,0.127,20,crustacean_zooplankton,Zastepa_RW_Ridgeway_Abino_Bay_0-1_crustacean_zooplankton,Skistodiaptomus_oregonesis_female_witheggs_L-1,0,
Zastepa,RW_Ridgeway_Abino_Bay,0-1,0.127,20,crustacean_zooplankton,Zastepa_RW_Ridgeway_Abino_Bay_0-1_crustacean_zooplankton,Skistodiaptomus_oregonesis_male_L-1,0,
Zastepa,RW_Ridgeway_Abino_Bay,0-1,0.127,20,crustacean_zooplankton,Zastepa_RW_Ridgeway_Abino_Bay_0-1_crustacean_zooplankton,Leptodiaptomus_sicilis_female_witheggs_L-1,0,
Zastepa,RW_Ridgeway_Abino_Bay,0-1,0.127,20,crustacean_zooplankton,Zastepa_RW_Ridgeway_Abino_Bay_0-1_crustacean_zooplankton,Leptodiaptomus_sicilis_female_L-1,0,
Zastepa,RW_Ridgeway_Abino_Bay,0-1,0.127,20,crustacean_zooplankton,Zastepa_RW_Ridgeway_Abino_Bay_0-1_crustacean_zooplankton,Leptodiaptomus_sicilis_male_L-1,0,
Zastepa,RW_Ridgeway_Abino_Bay,0-1,0.127,20,crustacean_zooplankton,Zastepa_RW_Ridgeway_Abino_Bay_0-1_crustacean_zooplankton,Limnocalanus_macrurus_female_L-1,0,
Zastepa,RW_Ridgeway_Abino_Bay,0-1,0.127,20,crustacean_zooplankton,Zastepa_RW_Ridgeway_Abino_Bay_0-1_crustacean_zooplankton,Limnocalanus_macrurus_male_L-1,0,
Zastepa,RW_Ridgeway_Abino_Bay,0-1,0.127,20,crustacean_zooplankton,Zastepa_RW_Ridgeway_Abino_Bay_0-1_crustacean_zooplankton,Leptodiaptomus_minutus_female_L-1,0,
Zastepa,RW_Ridgeway_Abino_Bay,0-1,0.127,20,crustacean_zooplankton,Zastepa_RW_Ridgeway_Abino_Bay_0-1_crustacean_zooplankton,Leptodiaptomus_minutus_male_L-1,0,
Zastepa,RW_Ridgeway_Abino_Bay,0-1,0.127,20,crustacean_zooplankton,Zastepa_RW_Ridgeway_Abino_Bay_0-1_crustacean_zooplankton,Leptodiaptomus_ashlandi_female_L-1,0,
Zastepa,RW_Ridgeway_Abino_Bay,0-1,0.127,20,crustacean_zooplankton,Zastepa_RW_Ridgeway_Abino_Bay_0-1_crustacean_zooplankton,Leptodiaptomus_ashlandi_male_L-1,0,
Zastepa,RW_Ridgeway_Abino_Bay,0-1,0.127,20,crustacean_zooplankton,Zastepa_RW_Ridgeway_Abino_Bay_0-1_crustacean_zooplankton,Eurytemora_carolleeae_female_L-1,0,
Zastepa,RW_Ridgeway_Abino_Bay,0-1,0.127,20,crustacean_zooplankton,Zastepa_RW_Ridgeway_Abino_Bay_0-1_crustacean_zooplankton,Copepod_nauplii_L-1,0,
Zastepa,RW_Ridgeway_Abino_Bay,0-1,0.127,20,crustacean_zooplankton,Zastepa_RW_Ridgeway_Abino_Bay_0-1_crustacean_zooplankton,Copepodites_cyclopoid_L-1,0,
Zastepa,RW_Ridgeway_Abino_Bay,0-1,0.127,20,crustacean_zooplankton,Zastepa_RW_Ridgeway_Abino_Bay_0-1_crustacean_zooplankton,Copepodites_calanoid_L-1,0,
Zastepa,RW_Ridgeway_Abino_Bay,0-1,0.127,20,crustacean_zooplankton,Zastepa_RW_Ridgeway_Abino_Bay_0-1_crustacean_zooplankton,Alona_spp_L-1,0.014493984,
Zastepa,RW_Ridgeway_Abino_Bay,0-1,0.127,20,crustacean_zooplankton,Zastepa_RW_Ridgeway_Abino_Bay_0-1_crustacean_zooplankton,Diaphanosoma_birgei_L-1,0,
Zastepa,RW_Ridgeway_Abino_Bay,0-1,0.127,20,crustacean_zooplankton,Zastepa_RW_Ridgeway_Abino_Bay_0-1_crustacean_zooplankton,Bosmina_longirostris_L-1,0,
Zastepa,RW_Ridgeway_Abino_Bay,0-1,0.127,20,crustacean_zooplankton,Zastepa_RW_Ridgeway_Abino_Bay_0-1_crustacean_zooplankton,Bosmina_longirostris_with_eggs_L-1,0,
Zastepa,RW_Ridgeway_Abino_Bay,0-1,0.127,20,crustacean_zooplankton,Zastepa_RW_Ridgeway_Abino_Bay_0-1_crustacean_zooplankton,Daphnia_spp_L-1,0,
Zastepa,RW_Ridgeway_Abino_Bay,0-1,0.127,20,crustacean_zooplankton,Zastepa_RW_Ridgeway_Abino_Bay_0-1_crustacean_zooplankton,Daphnia_galeata_mendotae_L-1,0,
Zastepa,RW_Ridgeway_Abino_Bay,0-1,0.127,20,crustacean_zooplankton,Zastepa_RW_Ridgeway_Abino_Bay_0-1_crustacean_zooplankton,Daphnia_galeata_mendotae_witheggs_L-1,0,
Zastepa,RW_Ridgeway_Abino_Bay,0-1,0.127,20,crustacean_zooplankton,Zastepa_RW_Ridgeway_Abino_Bay_0-1_crustacean_zooplankton,Harpacticoid_copepods_L-1,0.115951875,
Zastepa,RW_Ridgeway_Abino_Bay,0-1,0.127,20,crustacean_zooplankton,Zastepa_RW_Ridgeway_Abino_Bay_0-1_crustacean_zooplankton,Harpacticoid_copepods_witheggs_L-1,0.014493984,
Zastepa,RW_Ridgeway_Abino_Bay,0-1,0.127,20,crustacean_zooplankton,Zastepa_RW_Ridgeway_Abino_Bay_0-1_crustacean_zooplankton,Total_ind_per_L,0.217409766,
Doubek,Saint_Martin_Bay_SM-LH,0-8.5,0.3,64,crustacean_zooplankton,Doubek_Saint_Martin_Bay_SM-LH_0-8.5_crustacean_zooplankton,Diacyclops_thomasi_female_L-1,0.009991258,
Doubek,Saint_Martin_Bay_SM-LH,0-8.5,0.3,64,crustacean_zooplankton,Doubek_Saint_Martin_Bay_SM-LH_0-8.5_crustacean_zooplankton,Diacyclops_thomasi_female_witheggs_L-1,0,
Doubek,Saint_Martin_Bay_SM-LH,0-8.5,0.3,64,crustacean_zooplankton,Doubek_Saint_Martin_Bay_SM-LH_0-8.5_crustacean_zooplankton,Diacyclops_thomasi_male_L-1,0,
Doubek,Saint_Martin_Bay_SM-LH,0-8.5,0.3,64,crustacean_zooplankton,Doubek_Saint_Martin_Bay_SM-LH_0-8.5_crustacean_zooplankton,Acanthocyclops_vernalis_female_L-1,0,
Doubek,Saint_Martin_Bay_SM-LH,0-8.5,0.3,64,crustacean_zooplankton,Doubek_Saint_Martin_Bay_SM-LH_0-8.5_crustacean_zooplankton,Paracyclops_chiltoni_female_L-1,0,
Doubek,Saint_Martin_Bay_SM-LH,0-8.5,0.3,64,crustacean_zooplankton,Doubek_Saint_Martin_Bay_SM-LH_0-8.5_crustacean_zooplankton,Tropocyclops_prasinus_mexicanus_female_L-1,0.00166521,
Doubek,Saint_Martin_Bay_SM-LH,0-8.5,0.3,64,crustacean_zooplankton,Doubek_Saint_Martin_Bay_SM-LH_0-8.5_crustacean_zooplankton,Tropocyclops_prasinus_mexicanus_male_L-1,0,
Doubek,Saint_Martin_Bay_SM-LH,0-8.5,0.3,64,crustacean_zooplankton,Doubek_Saint_Martin_Bay_SM-LH_0-8.5_crustacean_zooplankton,Skistodiaptomus_oregonesis_female_L-1,0.009991258,
Doubek,Saint_Martin_Bay_SM-LH,0-8.5,0.3,64,crustacean_zooplankton,Doubek_Saint_Martin_Bay_SM-LH_0-8.5_crustacean_zooplankton,Skistodiaptomus_oregonesis_female_witheggs_L-1,0,
Doubek,Saint_Martin_Bay_SM-LH,0-8.5,0.3,64,crustacean_zooplankton,Doubek_Saint_Martin_Bay_SM-LH_0-8.5_crustacean_zooplankton,Skistodiaptomus_oregonesis_male_L-1,0.004995629,
Doubek,Saint_Martin_Bay_SM-LH,0-8.5,0.3,64,crustacean_zooplankton,Doubek_Saint_Martin_Bay_SM-LH_0-8.5_crustacean_zooplankton,Leptodiaptomus_sicilis_female_witheggs_L-1,0.00166521,
Doubek,Saint_Martin_Bay_SM-LH,0-8.5,0.3,64,crustacean_zooplankton,Doubek_Saint_Martin_Bay_SM-LH_0-8.5_crustacean_zooplankton,Leptodiaptomus_sicilis_female_L-1,0.006660838,
Doubek,Saint_Martin_Bay_SM-LH,0-8.5,0.3,64,crustacean_zooplankton,Doubek_Saint_Martin_Bay_SM-LH_0-8.5_crustacean_zooplankton,Leptodiaptomus_sicilis_male_L-1,0.006660838,
Doubek,Saint_Martin_Bay_SM-LH,0-8.5,0.3,64,crustacean_zooplankton,Doubek_Saint_Martin_Bay_SM-LH_0-8.5_crustacean_zooplankton,Limnocalanus_macrurus_female_L-1,0,
Doubek,Saint_Martin_Bay_SM-LH,0-8.5,0.3,64,crustacean_zooplankton,Doubek_Saint_Martin_Bay_SM-LH_0-8.5_crustacean_zooplankton,Limnocalanus_macrurus_male_L-1,0,
Doubek,Saint_Martin_Bay_SM-LH,0-8.5,0.3,64,crustacean_zooplankton,Doubek_Saint_Martin_Bay_SM-LH_0-8.5_crustacean_zooplankton,Leptodiaptomus_minutus_female_L-1,0.016652096,
Doubek,Saint_Martin_Bay_SM-LH,0-8.5,0.3,64,crustacean_zooplankton,Doubek_Saint_Martin_Bay_SM-LH_0-8.5_crustacean_zooplankton,Leptodiaptomus_minutus_male_L-1,0.016652096,
Doubek,Saint_Martin_Bay_SM-LH,0-8.5,0.3,64,crustacean_zooplankton,Doubek_Saint_Martin_Bay_SM-LH_0-8.5_crustacean_zooplankton,Leptodiaptomus_ashlandi_female_L-1,0.004995629,
Doubek,Saint_Martin_Bay_SM-LH,0-8.5,0.3,64,crustacean_zooplankton,Doubek_Saint_Martin_Bay_SM-LH_0-8.5_crustacean_zooplankton,Leptodiaptomus_ashlandi_male_L-1,0.00166521,
Doubek,Saint_Martin_Bay_SM-LH,0-8.5,0.3,64,crustacean_zooplankton,Doubek_Saint_Martin_Bay_SM-LH_0-8.5_crustacean_zooplankton,Eurytemora_carolleeae_female_L-1,0,
Doubek,Saint_Martin_Bay_SM-LH,0-8.5,0.3,64,crustacean_zooplankton,Doubek_Saint_Martin_Bay_SM-LH_0-8.5_crustacean_zooplankton,Copepod_nauplii_L-1,0.031638983,
Doubek,Saint_Martin_Bay_SM-LH,0-8.5,0.3,64,crustacean_zooplankton,Doubek_Saint_Martin_Bay_SM-LH_0-8.5_crustacean_zooplankton,Copepodites_cyclopoid_L-1,0.004995629,
Doubek,Saint_Martin_Bay_SM-LH,0-8.5,0.3,64,crustacean_zooplankton,Doubek_Saint_Martin_Bay_SM-LH_0-8.5_crustacean_zooplankton,Copepodites_calanoid_L-1,0.013321677,
Doubek,Saint_Martin_Bay_SM-LH,0-8.5,0.3,64,crustacean_zooplankton,Doubek_Saint_Martin_Bay_SM-LH_0-8.5_crustacean_zooplankton,Alona_spp_L-1,0,
Doubek,Saint_Martin_Bay_SM-LH,0-8.5,0.3,64,crustacean_zooplankton,Doubek_Saint_Martin_Bay_SM-LH_0-8.5_crustacean_zooplankton,Diaphanosoma_birgei_L-1,0,
Doubek,Saint_Martin_Bay_SM-LH,0-8.5,0.3,64,crustacean_zooplankton,Doubek_Saint_Martin_Bay_SM-LH_0-8.5_crustacean_zooplankton,Bosmina_longirostris_L-1,0,
Doubek,Saint_Martin_Bay_SM-LH,0-8.5,0.3,64,crustacean_zooplankton,Doubek_Saint_Martin_Bay_SM-LH_0-8.5_crustacean_zooplankton,Bosmina_longirostris_with_eggs_L-1,0,
Doubek,Saint_Martin_Bay_SM-LH,0-8.5,0.3,64,crustacean_zooplankton,Doubek_Saint_Martin_Bay_SM-LH_0-8.5_crustacean_zooplankton,Daphnia_spp_L-1,0,
Doubek,Saint_Martin_Bay_SM-LH,0-8.5,0.3,64,crustacean_zooplankton,Doubek_Saint_Martin_Bay_SM-LH_0-8.5_crustacean_zooplankton,Daphnia_galeata_mendotae_L-1,0,
Doubek,Saint_Martin_Bay_SM-LH,0-8.5,0.3,64,crustacean_zooplankton,Doubek_Saint_Martin_Bay_SM-LH_0-8.5_crustacean_zooplankton,Daphnia_galeata_mendotae_witheggs_L-1,0,
Doubek,Saint_Martin_Bay_SM-LH,0-8.5,0.3,64,crustacean_zooplankton,Doubek_Saint_Martin_Bay_SM-LH_0-8.5_crustacean_zooplankton,Harpacticoid_copepods_L-1,0,
Doubek,Saint_Martin_Bay_SM-LH,0-8.5,0.3,64,crustacean_zooplankton,Doubek_Saint_Martin_Bay_SM-LH_0-8.5_crustacean_zooplankton,Harpacticoid_copepods_witheggs_L-1,0,
Doubek,Saint_Martin_Bay_SM-LH,0-8.5,0.3,64,crustacean_zooplankton,Doubek_Saint_Martin_Bay_SM-LH_0-8.5_crustacean_zooplankton,Total_ind_per_L,0.131551559,
Godwin,SB1,0-2.5,0.5,64,crustacean_zooplankton,Godwin_SB1_0-2.5_crustacean_zooplankton,Diacyclops_thomasi_female_L-1,0.03720554,
Godwin,SB1,0-2.5,0.5,64,crustacean_zooplankton,Godwin_SB1_0-2.5_crustacean_zooplankton,Diacyclops_thomasi_female_witheggs_L-1,0,
Godwin,SB1,0-2.5,0.5,64,crustacean_zooplankton,Godwin_SB1_0-2.5_crustacean_zooplankton,Diacyclops_thomasi_male_L-1,0.009705793,
Godwin,SB1,0-2.5,0.5,64,crustacean_zooplankton,Godwin_SB1_0-2.5_crustacean_zooplankton,Acanthocyclops_vernalis_female_L-1,0.001617632,
Godwin,SB1,0-2.5,0.5,64,crustacean_zooplankton,Godwin_SB1_0-2.5_crustacean_zooplankton,Paracyclops_chiltoni_female_L-1,0,
Godwin,SB1,0-2.5,0.5,64,crustacean_zooplankton,Godwin_SB1_0-2.5_crustacean_zooplankton,Tropocyclops_prasinus_mexicanus_female_L-1,0,
Godwin,SB1,0-2.5,0.5,64,crustacean_zooplankton,Godwin_SB1_0-2.5_crustacean_zooplankton,Tropocyclops_prasinus_mexicanus_male_L-1,0,
Godwin,SB1,0-2.5,0.5,64,crustacean_zooplankton,Godwin_SB1_0-2.5_crustacean_zooplankton,Skistodiaptomus_oregonesis_female_L-1,0.022646851,
Godwin,SB1,0-2.5,0.5,64,crustacean_zooplankton,Godwin_SB1_0-2.5_crustacean_zooplankton,Skistodiaptomus_oregonesis_female_witheggs_L-1,0.001617632,
Godwin,SB1,0-2.5,0.5,64,crustacean_zooplankton,Godwin_SB1_0-2.5_crustacean_zooplankton,Skistodiaptomus_oregonesis_male_L-1,0.021029218,
Godwin,SB1,0-2.5,0.5,64,crustacean_zooplankton,Godwin_SB1_0-2.5_crustacean_zooplankton,Leptodiaptomus_sicilis_female_witheggs_L-1,0.035587908,
Godwin,SB1,0-2.5,0.5,64,crustacean_zooplankton,Godwin_SB1_0-2.5_crustacean_zooplankton,Leptodiaptomus_sicilis_female_L-1,0.069558184,
Godwin,SB1,0-2.5,0.5,64,crustacean_zooplankton,Godwin_SB1_0-2.5_crustacean_zooplankton,Leptodiaptomus_sicilis_male_L-1,0.097057931,
Godwin,SB1,0-2.5,0.5,64,crustacean_zooplankton,Godwin_SB1_0-2.5_crustacean_zooplankton,Limnocalanus_macrurus_female_L-1,0.001617632,
Godwin,SB1,0-2.5,0.5,64,crustacean_zooplankton,Godwin_SB1_0-2.5_crustacean_zooplankton,Limnocalanus_macrurus_male_L-1,0,
Godwin,SB1,0-2.5,0.5,64,crustacean_zooplankton,Godwin_SB1_0-2.5_crustacean_zooplankton,Leptodiaptomus_minutus_female_L-1,0,
Godwin,SB1,0-2.5,0.5,64,crustacean_zooplankton,Godwin_SB1_0-2.5_crustacean_zooplankton,Leptodiaptomus_minutus_male_L-1,0,
Godwin,SB1,0-2.5,0.5,64,crustacean_zooplankton,Godwin_SB1_0-2.5_crustacean_zooplankton,Leptodiaptomus_ashlandi_female_L-1,0,
Godwin,SB1,0-2.5,0.5,64,crustacean_zooplankton,Godwin_SB1_0-2.5_crustacean_zooplankton,Leptodiaptomus_ashlandi_male_L-1,0,
Godwin,SB1,0-2.5,0.5,64,crustacean_zooplankton,Godwin_SB1_0-2.5_crustacean_zooplankton,Eurytemora_carolleeae_female_L-1,0,
Godwin,SB1,0-2.5,0.5,64,crustacean_zooplankton,Godwin_SB1_0-2.5_crustacean_zooplankton,Copepod_nauplii_L-1,0.001617632,
Godwin,SB1,0-2.5,0.5,64,crustacean_zooplankton,Godwin_SB1_0-2.5_crustacean_zooplankton,Copepodites_cyclopoid_L-1,0.009705793,
Godwin,SB1,0-2.5,0.5,64,crustacean_zooplankton,Godwin_SB1_0-2.5_crustacean_zooplankton,Copepodites_calanoid_L-1,0.011323425,
Godwin,SB1,0-2.5,0.5,64,crustacean_zooplankton,Godwin_SB1_0-2.5_crustacean_zooplankton,Alona_spp_L-1,0,
Godwin,SB1,0-2.5,0.5,64,crustacean_zooplankton,Godwin_SB1_0-2.5_crustacean_zooplankton,Diaphanosoma_birgei_L-1,0,
Godwin,SB1,0-2.5,0.5,64,crustacean_zooplankton,Godwin_SB1_0-2.5_crustacean_zooplankton,Bosmina_longirostris_L-1,0,
Godwin,SB1,0-2.5,0.5,64,crustacean_zooplankton,Godwin_SB1_0-2.5_crustacean_zooplankton,Bosmina_longirostris_with_eggs_L-1,0,
Godwin,SB1,0-2.5,0.5,64,crustacean_zooplankton,Godwin_SB1_0-2.5_crustacean_zooplankton,Daphnia_spp_L-1,0,
Godwin,SB1,0-2.5,0.5,64,crustacean_zooplankton,Godwin_SB1_0-2.5_crustacean_zooplankton,Daphnia_galeata_mendotae_L-1,0.006470529,
Godwin,SB1,0-2.5,0.5,64,crustacean_zooplankton,Godwin_SB1_0-2.5_crustacean_zooplankton,Daphnia_galeata_mendotae_witheggs_L-1,0.001617632,
Godwin,SB1,0-2.5,0.5,64,crustacean_zooplankton,Godwin_SB1_0-2.5_crustacean_zooplankton,Harpacticoid_copepods_L-1,0,
Godwin,SB1,0-2.5,0.5,64,crustacean_zooplankton,Godwin_SB1_0-2.5_crustacean_zooplankton,Harpacticoid_copepods_witheggs_L-1,0,
Godwin,SB1,0-2.5,0.5,64,crustacean_zooplankton,Godwin_SB1_0-2.5_crustacean_zooplankton,Total_ind_per_L,0.328379335,
Chaffin,South_Bass_Island,0-9,0.5,64,crustacean_zooplankton,Chaffin_South_Bass_Island_0-9_crustacean_zooplankton,Diacyclops_thomasi_female_L-1,0.057965154,
Chaffin,South_Bass_Island,0-9,0.5,64,crustacean_zooplankton,Chaffin_South_Bass_Island_0-9_crustacean_zooplankton,Diacyclops_thomasi_female_witheggs_L-1,0,
Chaffin,South_Bass_Island,0-9,0.5,64,crustacean_zooplankton,Chaffin_South_Bass_Island_0-9_crustacean_zooplankton,Diacyclops_thomasi_male_L-1,0.001348027,
Chaffin,South_Bass_Island,0-9,0.5,64,crustacean_zooplankton,Chaffin_South_Bass_Island_0-9_crustacean_zooplankton,Acanthocyclops_vernalis_female_L-1,0.001348027,
Chaffin,South_Bass_Island,0-9,0.5,64,crustacean_zooplankton,Chaffin_South_Bass_Island_0-9_crustacean_zooplankton,Paracyclops_chiltoni_female_L-1,0,
Chaffin,South_Bass_Island,0-9,0.5,64,crustacean_zooplankton,Chaffin_South_Bass_Island_0-9_crustacean_zooplankton,Tropocyclops_prasinus_mexicanus_female_L-1,0.001348027,
Chaffin,South_Bass_Island,0-9,0.5,64,crustacean_zooplankton,Chaffin_South_Bass_Island_0-9_crustacean_zooplankton,Tropocyclops_prasinus_mexicanus_male_L-1,0,
Chaffin,South_Bass_Island,0-9,0.5,64,crustacean_zooplankton,Chaffin_South_Bass_Island_0-9_crustacean_zooplankton,Skistodiaptomus_oregonesis_female_L-1,0,
Chaffin,South_Bass_Island,0-9,0.5,64,crustacean_zooplankton,Chaffin_South_Bass_Island_0-9_crustacean_zooplankton,Skistodiaptomus_oregonesis_female_witheggs_L-1,0,
Chaffin,South_Bass_Island,0-9,0.5,64,crustacean_zooplankton,Chaffin_South_Bass_Island_0-9_crustacean_zooplankton,Skistodiaptomus_oregonesis_male_L-1,0,
Chaffin,South_Bass_Island,0-9,0.5,64,crustacean_zooplankton,Chaffin_South_Bass_Island_0-9_crustacean_zooplankton,Leptodiaptomus_sicilis_female_witheggs_L-1,0.00404408,
Chaffin,South_Bass_Island,0-9,0.5,64,crustacean_zooplankton,Chaffin_South_Bass_Island_0-9_crustacean_zooplankton,Leptodiaptomus_sicilis_female_L-1,0.008088161,
Chaffin,South_Bass_Island,0-9,0.5,64,crustacean_zooplankton,Chaffin_South_Bass_Island_0-9_crustacean_zooplankton,Leptodiaptomus_sicilis_male_L-1,0.005392107,
Chaffin,South_Bass_Island,0-9,0.5,64,crustacean_zooplankton,Chaffin_South_Bass_Island_0-9_crustacean_zooplankton,Limnocalanus_macrurus_female_L-1,0,
Chaffin,South_Bass_Island,0-9,0.5,64,crustacean_zooplankton,Chaffin_South_Bass_Island_0-9_crustacean_zooplankton,Limnocalanus_macrurus_male_L-1,0,
Chaffin,South_Bass_Island,0-9,0.5,64,crustacean_zooplankton,Chaffin_South_Bass_Island_0-9_crustacean_zooplankton,Leptodiaptomus_minutus_female_L-1,0.071445422,
Chaffin,South_Bass_Island,0-9,0.5,64,crustacean_zooplankton,Chaffin_South_Bass_Island_0-9_crustacean_zooplankton,Leptodiaptomus_minutus_male_L-1,0.08088161,
Chaffin,South_Bass_Island,0-9,0.5,64,crustacean_zooplankton,Chaffin_South_Bass_Island_0-9_crustacean_zooplankton,Leptodiaptomus_ashlandi_female_L-1,0,
Chaffin,South_Bass_Island,0-9,0.5,64,crustacean_zooplankton,Chaffin_South_Bass_Island_0-9_crustacean_zooplankton,Leptodiaptomus_ashlandi_male_L-1,0,
Chaffin,South_Bass_Island,0-9,0.5,64,crustacean_zooplankton,Chaffin_South_Bass_Island_0-9_crustacean_zooplankton,Eurytemora_carolleeae_female_L-1,0.001348027,
Chaffin,South_Bass_Island,0-9,0.5,64,crustacean_zooplankton,Chaffin_South_Bass_Island_0-9_crustacean_zooplankton,Copepod_nauplii_L-1,0.017524349,
Chaffin,South_Bass_Island,0-9,0.5,64,crustacean_zooplankton,Chaffin_South_Bass_Island_0-9_crustacean_zooplankton,Copepodites_cyclopoid_L-1,0.02561251,
Chaffin,South_Bass_Island,0-9,0.5,64,crustacean_zooplankton,Chaffin_South_Bass_Island_0-9_crustacean_zooplankton,Copepodites_calanoid_L-1,0.02561251,
Chaffin,South_Bass_Island,0-9,0.5,64,crustacean_zooplankton,Chaffin_South_Bass_Island_0-9_crustacean_zooplankton,Alona_spp_L-1,0,
Chaffin,South_Bass_Island,0-9,0.5,64,crustacean_zooplankton,Chaffin_South_Bass_Island_0-9_crustacean_zooplankton,Diaphanosoma_birgei_L-1,0,
Chaffin,South_Bass_Island,0-9,0.5,64,crustacean_zooplankton,Chaffin_South_Bass_Island_0-9_crustacean_zooplankton,Bosmina_longirostris_L-1,0.001348027,
Chaffin,South_Bass_Island,0-9,0.5,64,crustacean_zooplankton,Chaffin_South_Bass_Island_0-9_crustacean_zooplankton,Bosmina_longirostris_with_eggs_L-1,0,
Chaffin,South_Bass_Island,0-9,0.5,64,crustacean_zooplankton,Chaffin_South_Bass_Island_0-9_crustacean_zooplankton,Daphnia_spp_L-1,0.001348027,
Chaffin,South_Bass_Island,0-9,0.5,64,crustacean_zooplankton,Chaffin_South_Bass_Island_0-9_crustacean_zooplankton,Daphnia_galeata_mendotae_L-1,0,
Chaffin,South_Bass_Island,0-9,0.5,64,crustacean_zooplankton,Chaffin_South_Bass_Island_0-9_crustacean_zooplankton,Daphnia_galeata_mendotae_witheggs_L-1,0,
Chaffin,South_Bass_Island,0-9,0.5,64,crustacean_zooplankton,Chaffin_South_Bass_Island_0-9_crustacean_zooplankton,Harpacticoid_copepods_L-1,0,
Chaffin,South_Bass_Island,0-9,0.5,64,crustacean_zooplankton,Chaffin_South_Bass_Island_0-9_crustacean_zooplankton,Harpacticoid_copepods_witheggs_L-1,0,
Chaffin,South_Bass_Island,0-9,0.5,64,crustacean_zooplankton,Chaffin_South_Bass_Island_0-9_crustacean_zooplankton,Total_ind_per_L,0.304654063,
Vanderploeg,WE6,0-2.5,0.5,64,crustacean_zooplankton,Vanderploeg_WE6_0-2.5_crustacean_zooplankton,Diacyclops_thomasi_female_L-1,0.004863926,
Vanderploeg,WE6,0-2.5,0.5,64,crustacean_zooplankton,Vanderploeg_WE6_0-2.5_crustacean_zooplankton,Diacyclops_thomasi_female_witheggs_L-1,0,
Vanderploeg,WE6,0-2.5,0.5,64,crustacean_zooplankton,Vanderploeg_WE6_0-2.5_crustacean_zooplankton,Diacyclops_thomasi_male_L-1,0,
Vanderploeg,WE6,0-2.5,0.5,64,crustacean_zooplankton,Vanderploeg_WE6_0-2.5_crustacean_zooplankton,Acanthocyclops_vernalis_female_L-1,0,
Vanderploeg,WE6,0-2.5,0.5,64,crustacean_zooplankton,Vanderploeg_WE6_0-2.5_crustacean_zooplankton,Paracyclops_chiltoni_female_L-1,0,
Vanderploeg,WE6,0-2.5,0.5,64,crustacean_zooplankton,Vanderploeg_WE6_0-2.5_crustacean_zooplankton,Tropocyclops_prasinus_mexicanus_female_L-1,0.000972785,
Vanderploeg,WE6,0-2.5,0.5,64,crustacean_zooplankton,Vanderploeg_WE6_0-2.5_crustacean_zooplankton,Tropocyclops_prasinus_mexicanus_male_L-1,0,
Vanderploeg,WE6,0-2.5,0.5,64,crustacean_zooplankton,Vanderploeg_WE6_0-2.5_crustacean_zooplankton,Skistodiaptomus_oregonesis_female_L-1,0,
Vanderploeg,WE6,0-2.5,0.5,64,crustacean_zooplankton,Vanderploeg_WE6_0-2.5_crustacean_zooplankton,Skistodiaptomus_oregonesis_female_witheggs_L-1,0,
Vanderploeg,WE6,0-2.5,0.5,64,crustacean_zooplankton,Vanderploeg_WE6_0-2.5_crustacean_zooplankton,Skistodiaptomus_oregonesis_male_L-1,0,
Vanderploeg,WE6,0-2.5,0.5,64,crustacean_zooplankton,Vanderploeg_WE6_0-2.5_crustacean_zooplankton,Leptodiaptomus_sicilis_female_witheggs_L-1,0,
Vanderploeg,WE6,0-2.5,0.5,64,crustacean_zooplankton,Vanderploeg_WE6_0-2.5_crustacean_zooplankton,Leptodiaptomus_sicilis_female_L-1,0,
Vanderploeg,WE6,0-2.5,0.5,64,crustacean_zooplankton,Vanderploeg_WE6_0-2.5_crustacean_zooplankton,Leptodiaptomus_sicilis_male_L-1,0,
Vanderploeg,WE6,0-2.5,0.5,64,crustacean_zooplankton,Vanderploeg_WE6_0-2.5_crustacean_zooplankton,Limnocalanus_macrurus_female_L-1,0,
Vanderploeg,WE6,0-2.5,0.5,64,crustacean_zooplankton,Vanderploeg_WE6_0-2.5_crustacean_zooplankton,Limnocalanus_macrurus_male_L-1,0,
Vanderploeg,WE6,0-2.5,0.5,64,crustacean_zooplankton,Vanderploeg_WE6_0-2.5_crustacean_zooplankton,Leptodiaptomus_minutus_female_L-1,0.014591778,
Vanderploeg,WE6,0-2.5,0.5,64,crustacean_zooplankton,Vanderploeg_WE6_0-2.5_crustacean_zooplankton,Leptodiaptomus_minutus_male_L-1,0.012646207,
Vanderploeg,WE6,0-2.5,0.5,64,crustacean_zooplankton,Vanderploeg_WE6_0-2.5_crustacean_zooplankton,Leptodiaptomus_ashlandi_female_L-1,0,
Vanderploeg,WE6,0-2.5,0.5,64,crustacean_zooplankton,Vanderploeg_WE6_0-2.5_crustacean_zooplankton,Leptodiaptomus_ashlandi_male_L-1,0,
Vanderploeg,WE6,0-2.5,0.5,64,crustacean_zooplankton,Vanderploeg_WE6_0-2.5_crustacean_zooplankton,Eurytemora_carolleeae_female_L-1,0,
Vanderploeg,WE6,0-2.5,0.5,64,crustacean_zooplankton,Vanderploeg_WE6_0-2.5_crustacean_zooplankton,Copepod_nauplii_L-1,0.009727852,
Vanderploeg,WE6,0-2.5,0.5,64,crustacean_zooplankton,Vanderploeg_WE6_0-2.5_crustacean_zooplankton,Copepodites_cyclopoid_L-1,0.012646207,
Vanderploeg,WE6,0-2.5,0.5,64,crustacean_zooplankton,Vanderploeg_WE6_0-2.5_crustacean_zooplankton,Copepodites_calanoid_L-1,0.004863926,
Vanderploeg,WE6,0-2.5,0.5,64,crustacean_zooplankton,Vanderploeg_WE6_0-2.5_crustacean_zooplankton,Alona_spp_L-1,0,
Vanderploeg,WE6,0-2.5,0.5,64,crustacean_zooplankton,Vanderploeg_WE6_0-2.5_crustacean_zooplankton,Diaphanosoma_birgei_L-1,0,
Vanderploeg,WE6,0-2.5,0.5,64,crustacean_zooplankton,Vanderploeg_WE6_0-2.5_crustacean_zooplankton,Bosmina_longirostris_L-1,0.000972785,
Vanderploeg,WE6,0-2.5,0.5,64,crustacean_zooplankton,Vanderploeg_WE6_0-2.5_crustacean_zooplankton,Bosmina_longirostris_with_eggs_L-1,0.000972785,
Vanderploeg,WE6,0-2.5,0.5,64,crustacean_zooplankton,Vanderploeg_WE6_0-2.5_crustacean_zooplankton,Daphnia_spp_L-1,0,
Vanderploeg,WE6,0-2.5,0.5,64,crustacean_zooplankton,Vanderploeg_WE6_0-2.5_crustacean_zooplankton,Daphnia_galeata_mendotae_L-1,0,
Vanderploeg,WE6,0-2.5,0.5,64,crustacean_zooplankton,Vanderploeg_WE6_0-2.5_crustacean_zooplankton,Daphnia_galeata_mendotae_witheggs_L-1,0,
Vanderploeg,WE6,0-2.5,0.5,64,crustacean_zooplankton,Vanderploeg_WE6_0-2.5_crustacean_zooplankton,Harpacticoid_copepods_L-1,0,
Vanderploeg,WE6,0-2.5,0.5,64,crustacean_zooplankton,Vanderploeg_WE6_0-2.5_crustacean_zooplankton,Harpacticoid_copepods_witheggs_L-1,0,
Vanderploeg,WE6,0-2.5,0.5,64,crustacean_zooplankton,Vanderploeg_WE6_0-2.5_crustacean_zooplankton,Total_ind_per_L,0.062258251,
Doubek,Whitefish_Bay_WB-LS,0-9,0.3,64,crustacean_zooplankton,Doubek_Whitefish_Bay_WB-LS_0-9_crustacean_zooplankton,Diacyclops_thomasi_female_L-1,0.140068412,
Doubek,Whitefish_Bay_WB-LS,0-9,0.3,64,crustacean_zooplankton,Doubek_Whitefish_Bay_WB-LS_0-9_crustacean_zooplankton,Diacyclops_thomasi_female_witheggs_L-1,0,
Doubek,Whitefish_Bay_WB-LS,0-9,0.3,64,crustacean_zooplankton,Doubek_Whitefish_Bay_WB-LS_0-9_crustacean_zooplankton,Diacyclops_thomasi_male_L-1,0.002457341,
Doubek,Whitefish_Bay_WB-LS,0-9,0.3,64,crustacean_zooplankton,Doubek_Whitefish_Bay_WB-LS_0-9_crustacean_zooplankton,Acanthocyclops_vernalis_female_L-1,0,
Doubek,Whitefish_Bay_WB-LS,0-9,0.3,64,crustacean_zooplankton,Doubek_Whitefish_Bay_WB-LS_0-9_crustacean_zooplankton,Paracyclops_chiltoni_female_L-1,0,
Doubek,Whitefish_Bay_WB-LS,0-9,0.3,64,crustacean_zooplankton,Doubek_Whitefish_Bay_WB-LS_0-9_crustacean_zooplankton,Tropocyclops_prasinus_mexicanus_female_L-1,0,
Doubek,Whitefish_Bay_WB-LS,0-9,0.3,64,crustacean_zooplankton,Doubek_Whitefish_Bay_WB-LS_0-9_crustacean_zooplankton,Tropocyclops_prasinus_mexicanus_male_L-1,0,
Doubek,Whitefish_Bay_WB-LS,0-9,0.3,64,crustacean_zooplankton,Doubek_Whitefish_Bay_WB-LS_0-9_crustacean_zooplankton,Skistodiaptomus_oregonesis_female_L-1,0.007372022,
Doubek,Whitefish_Bay_WB-LS,0-9,0.3,64,crustacean_zooplankton,Doubek_Whitefish_Bay_WB-LS_0-9_crustacean_zooplankton,Skistodiaptomus_oregonesis_female_witheggs_L-1,0,
Doubek,Whitefish_Bay_WB-LS,0-9,0.3,64,crustacean_zooplankton,Doubek_Whitefish_Bay_WB-LS_0-9_crustacean_zooplankton,Skistodiaptomus_oregonesis_male_L-1,0.002457341,
Doubek,Whitefish_Bay_WB-LS,0-9,0.3,64,crustacean_zooplankton,Doubek_Whitefish_Bay_WB-LS_0-9_crustacean_zooplankton,Leptodiaptomus_sicilis_female_witheggs_L-1,0,
Doubek,Whitefish_Bay_WB-LS,0-9,0.3,64,crustacean_zooplankton,Doubek_Whitefish_Bay_WB-LS_0-9_crustacean_zooplankton,Leptodiaptomus_sicilis_female_L-1,0.125324369,
Doubek,Whitefish_Bay_WB-LS,0-9,0.3,64,crustacean_zooplankton,Doubek_Whitefish_Bay_WB-LS_0-9_crustacean_zooplankton,Leptodiaptomus_sicilis_male_L-1,0.13023905,
Doubek,Whitefish_Bay_WB-LS,0-9,0.3,64,crustacean_zooplankton,Doubek_Whitefish_Bay_WB-LS_0-9_crustacean_zooplankton,Limnocalanus_macrurus_female_L-1,0.017201384,
Doubek,Whitefish_Bay_WB-LS,0-9,0.3,64,crustacean_zooplankton,Doubek_Whitefish_Bay_WB-LS_0-9_crustacean_zooplankton,Limnocalanus_macrurus_male_L-1,0,
Doubek,Whitefish_Bay_WB-LS,0-9,0.3,64,crustacean_zooplankton,Doubek_Whitefish_Bay_WB-LS_0-9_crustacean_zooplankton,Leptodiaptomus_minutus_female_L-1,0,
Doubek,Whitefish_Bay_WB-LS,0-9,0.3,64,crustacean_zooplankton,Doubek_Whitefish_Bay_WB-LS_0-9_crustacean_zooplankton,Leptodiaptomus_minutus_male_L-1,0,
Doubek,Whitefish_Bay_WB-LS,0-9,0.3,64,crustacean_zooplankton,Doubek_Whitefish_Bay_WB-LS_0-9_crustacean_zooplankton,Leptodiaptomus_ashlandi_female_L-1,0,
Doubek,Whitefish_Bay_WB-LS,0-9,0.3,64,crustacean_zooplankton,Doubek_Whitefish_Bay_WB-LS_0-9_crustacean_zooplankton,Leptodiaptomus_ashlandi_male_L-1,0,
Doubek,Whitefish_Bay_WB-LS,0-9,0.3,64,crustacean_zooplankton,Doubek_Whitefish_Bay_WB-LS_0-9_crustacean_zooplankton,Eurytemora_carolleeae_female_L-1,0,
Doubek,Whitefish_Bay_WB-LS,0-9,0.3,64,crustacean_zooplankton,Doubek_Whitefish_Bay_WB-LS_0-9_crustacean_zooplankton,Copepod_nauplii_L-1,0.066348195,
Doubek,Whitefish_Bay_WB-LS,0-9,0.3,64,crustacean_zooplankton,Doubek_Whitefish_Bay_WB-LS_0-9_crustacean_zooplankton,Copepodites_cyclopoid_L-1,0.036860109,
Doubek,Whitefish_Bay_WB-LS,0-9,0.3,64,crustacean_zooplankton,Doubek_Whitefish_Bay_WB-LS_0-9_crustacean_zooplankton,Copepodites_calanoid_L-1,0.004914681,
Doubek,Whitefish_Bay_WB-LS,0-9,0.3,64,crustacean_zooplankton,Doubek_Whitefish_Bay_WB-LS_0-9_crustacean_zooplankton,Alona_spp_L-1,0,
Doubek,Whitefish_Bay_WB-LS,0-9,0.3,64,crustacean_zooplankton,Doubek_Whitefish_Bay_WB-LS_0-9_crustacean_zooplankton,Diaphanosoma_birgei_L-1,0,
Doubek,Whitefish_Bay_WB-LS,0-9,0.3,64,crustacean_zooplankton,Doubek_Whitefish_Bay_WB-LS_0-9_crustacean_zooplankton,Bosmina_longirostris_L-1,0.019658725,
Doubek,Whitefish_Bay_WB-LS,0-9,0.3,64,crustacean_zooplankton,Doubek_Whitefish_Bay_WB-LS_0-9_crustacean_zooplankton,Bosmina_longirostris_with_eggs_L-1,0.017201384,
Doubek,Whitefish_Bay_WB-LS,0-9,0.3,64,crustacean_zooplankton,Doubek_Whitefish_Bay_WB-LS_0-9_crustacean_zooplankton,Daphnia_spp_L-1,0,
Doubek,Whitefish_Bay_WB-LS,0-9,0.3,64,crustacean_zooplankton,Doubek_Whitefish_Bay_WB-LS_0-9_crustacean_zooplankton,Daphnia_galeata_mendotae_L-1,0,
Doubek,Whitefish_Bay_WB-LS,0-9,0.3,64,crustacean_zooplankton,Doubek_Whitefish_Bay_WB-LS_0-9_crustacean_zooplankton,Daphnia_galeata_mendotae_witheggs_L-1,0,
Doubek,Whitefish_Bay_WB-LS,0-9,0.3,64,crustacean_zooplankton,Doubek_Whitefish_Bay_WB-LS_0-9_crustacean_zooplankton,Harpacticoid_copepods_L-1,0,
Doubek,Whitefish_Bay_WB-LS,0-9,0.3,64,crustacean_zooplankton,Doubek_Whitefish_Bay_WB-LS_0-9_crustacean_zooplankton,Harpacticoid_copepods_witheggs_L-1,0,
Doubek,Whitefish_Bay_WB-LS,0-9,0.3,64,crustacean_zooplankton,Doubek_Whitefish_Bay_WB-LS_0-9_crustacean_zooplankton,Total_ind_per_L,0.570103012,
