pi_name,station,depth_m,analysis,rep,sample_name,value,unit,mdl_ug.l,notes
Ozersky,Apostles,0.4,TDP,A,Ozersky_Apostles_0.4_TDP_A,5.49,ug.L,0.6,
Ozersky,Apostles,0.4,TDP,B,Ozersky_Apostles_0.4_TDP_B,4.5,ug.L,0.6,
Ozersky,Apostles,0.4,TDP,C,Ozersky_Apostles_0.4_TDP_C,5.71,ug.L,0.6,
Ozersky,Apostles,31,TDP,A,Ozersky_Apostles_31_TDP_A,5.02,ug.L,0.6,
Ozersky,Apostles,31,TDP,B,Ozersky_Apostles_31_TDP_B,5.58,ug.L,0.6,
Ozersky,Apostles,31,TDP,C,Ozersky_Apostles_31_TDP_C,5.14,ug.L,0.6,
McGregor/Twiss,BI_Birch_Island,0,TDP,A,McGregor/Twiss_BI_Birch_Island_0_TDP_A,8.11,ug.L,0.6,
McGregor/Twiss,BI_Birch_Island,0,TDP,B,McGregor/Twiss_BI_Birch_Island_0_TDP_B,6.02,ug.L,0.6,
McGregor/Twiss,BI_Birch_Island,0,TDP,C,McGregor/Twiss_BI_Birch_Island_0_TDP_C,5.15,ug.L,0.6,
Pearce/Xenopolous,BQ1,0,TDP,A,Pearce/Xenopolous_BQ1_0_TDP_A,6.34,ug.L,0.6,
Pearce/Xenopolous,BQ1,0,TDP,B,Pearce/Xenopolous_BQ1_0_TDP_B,7.36,ug.L,0.6,
Pearce/Xenopolous,BQ1,0,TDP,C,Pearce/Xenopolous_BQ1_0_TDP_C,6.76,ug.L,0.6,
Pearce/Xenopolous,BQ1,9,TDP,A,Pearce/Xenopolous_BQ1_9_TDP_A,5.53,ug.L,0.6,
Pearce/Xenopolous,BQ1,9,TDP,B,Pearce/Xenopolous_BQ1_9_TDP_B,6.31,ug.L,0.6,
Pearce/Xenopolous,BQ1,9,TDP,C,Pearce/Xenopolous_BQ1_9_TDP_C,6.63,ug.L,0.6,
Currie,Bronte_Pier,0,TDP,A,Currie_Bronte_Pier_0_TDP_A,15.64,ug.L,0.6,
Currie,Bronte_Pier,0,TDP,B,Currie_Bronte_Pier_0_TDP_B,15.98,ug.L,0.6,
Currie,Bronte_Pier,0,TDP,C,Currie_Bronte_Pier_0_TDP_C,16.07,ug.L,0.6,
Currie,CCIW_Hamilton_Harbour,1,TDP,A,Currie_CCIW_Hamilton_Harbour_1_TDP_A,17.36,ug.L,0.6,
Currie,CCIW_Hamilton_Harbour,1,TDP,B,Currie_CCIW_Hamilton_Harbour_1_TDP_B,17.59,ug.L,0.6,
Currie,CCIW_Hamilton_Harbour,1,TDP,C,Currie_CCIW_Hamilton_Harbour_1_TDP_C,15.85,ug.L,0.6,
Currie,CCIW_Hamilton_Harbour,6,TDP,A,Currie_CCIW_Hamilton_Harbour_6_TDP_A,23.89,ug.L,0.6,
Currie,CCIW_Hamilton_Harbour,6,TDP,B,Currie_CCIW_Hamilton_Harbour_6_TDP_B,24.49,ug.L,0.6,
Currie,CCIW_Hamilton_Harbour,6,TDP,C,Currie_CCIW_Hamilton_Harbour_6_TDP_C,23.36,ug.L,0.6,
McKay,EC_1,0.5,TDP,A,McKay_EC_1_0.5_TDP_A,8.84,ug.L,0.6,
McKay,EC_1,0.5,TDP,B,McKay_EC_1_0.5_TDP_B,6.78,ug.L,0.6,
McKay,EC_1,0.5,TDP,C,McKay_EC_1_0.5_TDP_C,6.74,ug.L,0.6,
McKay,EC_1,9,TDP,A,McKay_EC_1_9_TDP_A,7.83,ug.L,0.6,
McKay,EC_1,9,TDP,B,McKay_EC_1_9_TDP_B,8.54,ug.L,0.6,
McKay,EC_1,9,TDP,C,McKay_EC_1_9_TDP_C,8.34,ug.L,0.6,
McKay,EC_12,0.5,TDP,A,McKay_EC_12_0.5_TDP_A,0,ug.L,0.6,below detection
McKay,EC_12,0.5,TDP,B,McKay_EC_12_0.5_TDP_B,0,ug.L,0.6,below detection
McKay,EC_12,0.5,TDP,C,McKay_EC_12_0.5_TDP_C,0,ug.L,0.6,below detection
McKay,EC_1326,0.5,TDP,A,McKay_EC_1326_0.5_TDP_A,10.39,ug.L,0.6,
McKay,EC_1326,0.5,TDP,B,McKay_EC_1326_0.5_TDP_B,9.45,ug.L,0.6,
McKay,EC_1326,0.5,TDP,C,McKay_EC_1326_0.5_TDP_C,9.92,ug.L,0.6,
McKay,EC_3,0.5,TDP,A,McKay_EC_3_0.5_TDP_A,6.79,ug.L,0.6,
McKay,EC_3,0.5,TDP,B,McKay_EC_3_0.5_TDP_B,3.03,ug.L,0.6,
McKay,EC_3,0.5,TDP,C,McKay_EC_3_0.5_TDP_C,ND,ug.L,0.6,reading error
McKay,EC_341,0.5,TDP,A,McKay_EC_341_0.5_TDP_A,12.48,ug.L,0.6,
McKay,EC_341,0.5,TDP,B,McKay_EC_341_0.5_TDP_B,11.68,ug.L,0.6,
McKay,EC_341,0.5,TDP,C,McKay_EC_341_0.5_TDP_C,11.58,ug.L,0.6,
McKay,EC_84,0.5,TDP,A,McKay_EC_84_0.5_TDP_A,9.89,ug.L,0.6,
McKay,EC_84,0.5,TDP,B,McKay_EC_84_0.5_TDP_B,10.54,ug.L,0.6,
McKay,EC_84,0.5,TDP,C,McKay_EC_84_0.5_TDP_C,9.46,ug.L,0.6,
McKay,EC_9,0.5,TDP,A,McKay_EC_9_0.5_TDP_A,9.45,ug.L,0.6,
McKay,EC_9,0.5,TDP,B,McKay_EC_9_0.5_TDP_B,5.56,ug.L,0.6,
McKay,EC_9,0.5,TDP,C,McKay_EC_9_0.5_TDP_C,5.53,ug.L,0.6,
McKay,EC_970,0.5,TDP,A,McKay_EC_970_0.5_TDP_A,15.56,ug.L,0.6,
McKay,EC_970,0.5,TDP,B,McKay_EC_970_0.5_TDP_B,7.07,ug.L,0.6,
McKay,EC_970,0.5,TDP,C,McKay_EC_970_0.5_TDP_C,8.02,ug.L,0.6,
McKay,ER_78M,0.5,TDP,A,McKay_ER_78M_0.5_TDP_A,11.2,ug.L,0.6,
McKay,ER_78M,0.5,TDP,B,McKay_ER_78M_0.5_TDP_B,10.6,ug.L,0.6,
McKay,ER_78M,0.5,TDP,C,McKay_ER_78M_0.5_TDP_C,8.55,ug.L,0.6,
McKay,ER_91M,0.5,TDP,A,McKay_ER_91M_0.5_TDP_A,8.56,ug.L,0.6,
McKay,ER_91M,0.5,TDP,B,McKay_ER_91M_0.5_TDP_B,7.95,ug.L,0.6,
McKay,ER_91M,0.5,TDP,C,McKay_ER_91M_0.5_TDP_C,8.56,ug.L,0.6,
Pearce/Xenopolous,GB1,0.45,TDP,A,Pearce/Xenopolous_GB1_0.45_TDP_A,8.48,ug.L,0.6,
Pearce/Xenopolous,GB1,0.45,TDP,B,Pearce/Xenopolous_GB1_0.45_TDP_B,36.6,ug.L,0.6,
Pearce/Xenopolous,GB1,0.45,TDP,C,Pearce/Xenopolous_GB1_0.45_TDP_C,7.34,ug.L,0.6,
Pearce/Xenopolous,GB1,7,TDP,A,Pearce/Xenopolous_GB1_7_TDP_A,7.76,ug.L,0.6,
Pearce/Xenopolous,GB1,7,TDP,B,Pearce/Xenopolous_GB1_7_TDP_B,7.2,ug.L,0.6,
Pearce/Xenopolous,GB1,7,TDP,C,Pearce/Xenopolous_GB1_7_TDP_C,7.58,ug.L,0.6,
McKay,GR001,0.5,TDP,A,McKay_GR001_0.5_TDP_A,7.96,ug.L,0.6,
McKay,GR001,0.5,TDP,B,McKay_GR001_0.5_TDP_B,8.35,ug.L,0.6,
McKay,GR001,0.5,TDP,C,McKay_GR001_0.5_TDP_C,7.69,ug.L,0.6,
Ozersky,Green_Bay,0.5,TDP,A,Ozersky_Green_Bay_0.5_TDP_A,7.87,ug.L,0.6,
Ozersky,Green_Bay,0.5,TDP,B,Ozersky_Green_Bay_0.5_TDP_B,8.87,ug.L,0.6,
Ozersky,Green_Bay,0.5,TDP,C,Ozersky_Green_Bay_0.5_TDP_C,8.82,ug.L,0.6,
Ozersky,Green_Bay,5,TDP,A,Ozersky_Green_Bay_5_TDP_A,8.95,ug.L,0.6,
Ozersky,Green_Bay,5,TDP,B,Ozersky_Green_Bay_5_TDP_B,10.31,ug.L,0.6,
Ozersky,Green_Bay,5,TDP,C,Ozersky_Green_Bay_5_TDP_C,7.57,ug.L,0.6,
Vick-Majors,Keweenaw_Bay_KB,0.5,TDP,A,Vick-Majors_Keweenaw_Bay_KB_0.5_TDP_A,4.85,ug.L,0.6,
Vick-Majors,Keweenaw_Bay_KB,0.5,TDP,B,Vick-Majors_Keweenaw_Bay_KB_0.5_TDP_B,5.59,ug.L,0.6,
Vick-Majors,Keweenaw_Bay_KB,0.5,TDP,C,Vick-Majors_Keweenaw_Bay_KB_0.5_TDP_C,5.24,ug.L,0.6,
Vick-Majors,Keweenaw_Bay_KB,17.5,TDP,A,Vick-Majors_Keweenaw_Bay_KB_17.5_TDP_A,4.09,ug.L,0.6,
Vick-Majors,Keweenaw_Bay_KB,17.5,TDP,B,Vick-Majors_Keweenaw_Bay_KB_17.5_TDP_B,3.99,ug.L,0.6,
Vick-Majors,Keweenaw_Bay_KB,17.5,TDP,C,Vick-Majors_Keweenaw_Bay_KB_17.5_TDP_C,4.79,ug.L,0.6,
Vick-Majors,Keweenaw_Waterway_KW,0.5,TDP,A,Vick-Majors_Keweenaw_Waterway_KW_0.5_TDP_A,10.4,ug.L,0.6,
Vick-Majors,Keweenaw_Waterway_KW,0.5,TDP,B,Vick-Majors_Keweenaw_Waterway_KW_0.5_TDP_B,8.51,ug.L,0.6,
Vick-Majors,Keweenaw_Waterway_KW,0.5,TDP,C,Vick-Majors_Keweenaw_Waterway_KW_0.5_TDP_C,8.47,ug.L,0.6,
Vick-Majors,Keweenaw_Waterway_KW,5.5,TDP,A,Vick-Majors_Keweenaw_Waterway_KW_5.5_TDP_A,8.76,ug.L,0.6,
Vick-Majors,Keweenaw_Waterway_KW,5.5,TDP,B,Vick-Majors_Keweenaw_Waterway_KW_5.5_TDP_B,7.99,ug.L,0.6,
Vick-Majors,Keweenaw_Waterway_KW,5.5,TDP,C,Vick-Majors_Keweenaw_Waterway_KW_5.5_TDP_C,7.93,ug.L,0.6,
McGregor/Twiss,LC_Little_Current,0,TDP,A,McGregor/Twiss_LC_Little_Current_0_TDP_A,5.23,ug.L,0.6,
McGregor/Twiss,LC_Little_Current,0,TDP,B,McGregor/Twiss_LC_Little_Current_0_TDP_B,6.3,ug.L,0.6,
McGregor/Twiss,LC_Little_Current,0,TDP,C,McGregor/Twiss_LC_Little_Current_0_TDP_C,2.76,ug.L,0.6,
Eveleth,Lorain,0.2,TDP,A,Eveleth_Lorain_0.2_TDP_A,23.22,ug.L,0.6,
Eveleth,Lorain,0.2,TDP,B,Eveleth_Lorain_0.2_TDP_B,20.78,ug.L,0.6,
Eveleth,Lorain,0.2,TDP,C,Eveleth_Lorain_0.2_TDP_C,21.08,ug.L,0.6,
Eveleth,Lorain,2,TDP,A,Eveleth_Lorain_2_TDP_A,39.3,ug.L,0.6,
Eveleth,Lorain,2,TDP,B,Eveleth_Lorain_2_TDP_B,35.08,ug.L,0.6,
Eveleth,Lorain,2,TDP,C,Eveleth_Lorain_2_TDP_C,37.99,ug.L,0.6,
McKay,LSC-MB,1,TDP,A,McKay_LSC-MB_1_TDP_A,15.66,ug.L,0.6,
McKay,LSC-MB,1,TDP,B,McKay_LSC-MB_1_TDP_B,14.43,ug.L,0.6,
McKay,LSC-MB,1,TDP,C,McKay_LSC-MB_1_TDP_C,16.74,ug.L,0.6,
McKay/Bullerjahn,NB22-002,0.5,TDP,A,McKay/Bullerjahn_NB22-002_0.5_TDP_A,0,ug.L,0.6,below detection
McKay/Bullerjahn,NB22-002,0.5,TDP,B,McKay/Bullerjahn_NB22-002_0.5_TDP_B,0,ug.L,0.6,below detection
McKay/Bullerjahn,NB22-002,0.5,TDP,C,McKay/Bullerjahn_NB22-002_0.5_TDP_C,0,ug.L,0.6,below detection
McKay/Bullerjahn,NB22-003,0.5,TDP,A,McKay/Bullerjahn_NB22-003_0.5_TDP_A,15.39,ug.L,0.6,
McKay/Bullerjahn,NB22-003,0.5,TDP,B,McKay/Bullerjahn_NB22-003_0.5_TDP_B,15.61,ug.L,0.6,
McKay/Bullerjahn,NB22-003,0.5,TDP,C,McKay/Bullerjahn_NB22-003_0.5_TDP_C,14.77,ug.L,0.6,
McKay/Bullerjahn,NB22-004,0.5,TDP,A,McKay/Bullerjahn_NB22-004_0.5_TDP_A,0,ug.L,0.6,below detection
McKay/Bullerjahn,NB22-004,0.5,TDP,B,McKay/Bullerjahn_NB22-004_0.5_TDP_B,0,ug.L,0.6,below detection
McKay/Bullerjahn,NB22-004,0.5,TDP,C,McKay/Bullerjahn_NB22-004_0.5_TDP_C,0,ug.L,0.6,below detection
McKay,NB22-005,0.5,TDP,A,McKay_NB22-005_0.5_TDP_A,10.22,ug.L,0.6,
McKay,NB22-005,0.5,TDP,B,McKay_NB22-005_0.5_TDP_B,9.29,ug.L,0.6,
McKay,NB22-005,0.5,TDP,C,McKay_NB22-005_0.5_TDP_C,8.02,ug.L,0.6,
McKay,NB22-006,0.5,TDP,A,McKay_NB22-006_0.5_TDP_A,9.11,ug.L,0.6,
McKay,NB22-006,0.5,TDP,B,McKay_NB22-006_0.5_TDP_B,7.26,ug.L,0.6,
McKay,NB22-006,0.5,TDP,C,McKay_NB22-006_0.5_TDP_C,6.92,ug.L,0.6,
McKay,NB22-007,0.5,TDP,A,McKay_NB22-007_0.5_TDP_A,7.8,ug.L,0.6,
McKay,NB22-007,0.5,TDP,B,McKay_NB22-007_0.5_TDP_B,6.13,ug.L,0.6,
McKay,NB22-007,0.5,TDP,C,McKay_NB22-007_0.5_TDP_C,7.2,ug.L,0.6,
Bramburger,Ontario_-_St._Catharines,1,TDP,A,Bramburger_Ontario_-_St._Catharines_1_TDP_A,15.15,ug.L,0.6,
Bramburger,Ontario_-_St._Catharines,1,TDP,B,Bramburger_Ontario_-_St._Catharines_1_TDP_B,14.59,ug.L,0.6,
Bramburger,Ontario_-_St._Catharines,1,TDP,C,Bramburger_Ontario_-_St._Catharines_1_TDP_C,14.4,ug.L,0.6,
Depew,Parry_Sound_Georgian_Bay,1,TDP,A,Depew_Parry_Sound_Georgian_Bay_1_TDP_A,8.69,ug.L,0.6,
Depew,Parry_Sound_Georgian_Bay,1,TDP,B,Depew_Parry_Sound_Georgian_Bay_1_TDP_B,34.4,ug.L,0.6,
Depew,Parry_Sound_Georgian_Bay,1,TDP,C,Depew_Parry_Sound_Georgian_Bay_1_TDP_C,7.54,ug.L,0.6,
Uzarski,Pinconning_Park_Saginaw_Bay,0.5,TDP,A,Uzarski_Pinconning_Park_Saginaw_Bay_0.5_TDP_A,6.26,ug.L,0.6,
Uzarski,Pinconning_Park_Saginaw_Bay,0.5,TDP,B,Uzarski_Pinconning_Park_Saginaw_Bay_0.5_TDP_B,5.99,ug.L,0.6,
Uzarski,Pinconning_Park_Saginaw_Bay,0.5,TDP,C,Uzarski_Pinconning_Park_Saginaw_Bay_0.5_TDP_C,5.59,ug.L,0.6,
McGregor/Twiss,RD_Bay_of_Islands_Whitefish_Falls,0,TDP,A,McGregor/Twiss_RD_Bay_of_Islands_Whitefish_Falls_0_TDP_A,6.83,ug.L,0.6,
McGregor/Twiss,RD_Bay_of_Islands_Whitefish_Falls,0,TDP,B,McGregor/Twiss_RD_Bay_of_Islands_Whitefish_Falls_0_TDP_B,6.1,ug.L,0.6,
McGregor/Twiss,RD_Bay_of_Islands_Whitefish_Falls,0,TDP,C,McGregor/Twiss_RD_Bay_of_Islands_Whitefish_Falls_0_TDP_C,6.15,ug.L,0.6,
Zastepa,RW_Ridgeway_Abino_Bay,1,TDP,A,Zastepa_RW_Ridgeway_Abino_Bay_1_TDP_A,34.05,ug.L,0.6,
Zastepa,RW_Ridgeway_Abino_Bay,1,TDP,B,Zastepa_RW_Ridgeway_Abino_Bay_1_TDP_B,33.54,ug.L,0.6,
Zastepa,RW_Ridgeway_Abino_Bay,1,TDP,C,Zastepa_RW_Ridgeway_Abino_Bay_1_TDP_C,33.49,ug.L,0.6,
Karpovich,Saginaw_River,0.3,TDP,A,Karpovich_Saginaw_River_0.3_TDP_A,13.82,ug.L,0.6,
Karpovich,Saginaw_River,0.3,TDP,B,Karpovich_Saginaw_River_0.3_TDP_B,18.83,ug.L,0.6,
Karpovich,Saginaw_River,0.3,TDP,C,Karpovich_Saginaw_River_0.3_TDP_C,18.12,ug.L,0.6,
Doubek,Saint_Martin_Bay_SM-LH,1,TDP,A,Doubek_Saint_Martin_Bay_SM-LH_1_TDP_A,6.52,ug.L,0.6,
Doubek,Saint_Martin_Bay_SM-LH,1,TDP,B,Doubek_Saint_Martin_Bay_SM-LH_1_TDP_B,5.32,ug.L,0.6,
Doubek,Saint_Martin_Bay_SM-LH,1,TDP,C,Doubek_Saint_Martin_Bay_SM-LH_1_TDP_C,5.8,ug.L,0.6,
Doubek,Saint_Martin_Bay_SM-LH,8.5,TDP,A,Doubek_Saint_Martin_Bay_SM-LH_8.5_TDP_A,6.31,ug.L,0.6,
Doubek,Saint_Martin_Bay_SM-LH,8.5,TDP,B,Doubek_Saint_Martin_Bay_SM-LH_8.5_TDP_B,6.03,ug.L,0.6,
Doubek,Saint_Martin_Bay_SM-LH,8.5,TDP,C,Doubek_Saint_Martin_Bay_SM-LH_8.5_TDP_C,5.48,ug.L,0.6,
Bullerjahn/McKay,Sandusky_Bay,0.5,TDP,A,Bullerjahn/McKay_Sandusky_Bay_0.5_TDP_A,58.81,ug.L,0.6,
Bullerjahn/McKay,Sandusky_Bay,0.5,TDP,B,Bullerjahn/McKay_Sandusky_Bay_0.5_TDP_B,57.79,ug.L,0.6,
Bullerjahn/McKay,Sandusky_Bay,0.5,TDP,C,Bullerjahn/McKay_Sandusky_Bay_0.5_TDP_C,57.89,ug.L,0.6,
Bullerjahn/McKay,Sandusky_Bay,1,TDP,A,Bullerjahn/McKay_Sandusky_Bay_1_TDP_A,57.15,ug.L,0.6,
Bullerjahn/McKay,Sandusky_Bay,1,TDP,B,Bullerjahn/McKay_Sandusky_Bay_1_TDP_B,63.39,ug.L,0.6,
Bullerjahn/McKay,Sandusky_Bay,1,TDP,C,Bullerjahn/McKay_Sandusky_Bay_1_TDP_C,49.06,ug.L,0.6,
Godwin,SB1,0.7,TDP,A,Godwin_SB1_0.7_TDP_A,11.48,ug.L,0.6,
Godwin,SB1,0.7,TDP,B,Godwin_SB1_0.7_TDP_B,11.41,ug.L,0.6,
Godwin,SB1,0.7,TDP,C,Godwin_SB1_0.7_TDP_C,10.99,ug.L,0.6,
Godwin,SB14,3,TDP,A,Godwin_SB14_3_TDP_A,6.19,ug.L,0.6,
Godwin,SB14,3,TDP,B,Godwin_SB14_3_TDP_B,3.99,ug.L,0.6,
Godwin,SB14,3,TDP,C,Godwin_SB14_3_TDP_C,6.24,ug.L,0.6,
Godwin,SB14,0.7,TDP,A,Godwin_SB14_0.7_TDP_A,6.62,ug.L,0.6,
Godwin,SB14,0.7,TDP,B,Godwin_SB14_0.7_TDP_B,7.51,ug.L,0.6,
Godwin,SB14,0.7,TDP,C,Godwin_SB14_0.7_TDP_C,6.87,ug.L,0.6,
Rennie,Silver_Harbour_Thunder_Bay,0,TDP,A,Rennie_Silver_Harbour_Thunder_Bay_0_TDP_A,4.26,ug.L,0.6,
Rennie,Silver_Harbour_Thunder_Bay,0,TDP,B,Rennie_Silver_Harbour_Thunder_Bay_0_TDP_B,5.48,ug.L,0.6,
Rennie,Silver_Harbour_Thunder_Bay,0,TDP,C,Rennie_Silver_Harbour_Thunder_Bay_0_TDP_C,4.2,ug.L,0.6,
Rennie,Silver_Harbour_Thunder_Bay,10,TDP,A,Rennie_Silver_Harbour_Thunder_Bay_10_TDP_A,6.8,ug.L,0.6,
Rennie,Silver_Harbour_Thunder_Bay,10,TDP,B,Rennie_Silver_Harbour_Thunder_Bay_10_TDP_B,6.31,ug.L,0.6,
Rennie,Silver_Harbour_Thunder_Bay,10,TDP,C,Rennie_Silver_Harbour_Thunder_Bay_10_TDP_C,6.43,ug.L,0.6,
Chaffin,South_Bass_Island,0.5,TDP,A,Chaffin_South_Bass_Island_0.5_TDP_A,13.29,ug.L,0.6,
Chaffin,South_Bass_Island,0.5,TDP,B,Chaffin_South_Bass_Island_0.5_TDP_B,14.2,ug.L,0.6,
Chaffin,South_Bass_Island,0.5,TDP,C,Chaffin_South_Bass_Island_0.5_TDP_C,13.69,ug.L,0.6,
Chaffin,South_Bass_Island,9,TDP,A,Chaffin_South_Bass_Island_9_TDP_A,20.26,ug.L,0.6,
Chaffin,South_Bass_Island,9,TDP,B,Chaffin_South_Bass_Island_9_TDP_B,18.18,ug.L,0.6,
Chaffin,South_Bass_Island,9,TDP,C,Chaffin_South_Bass_Island_9_TDP_C,18.5,ug.L,0.6,
Twiss,U17,0,TDP,A,Twiss_U17_0_TDP_A,10.04,ug.L,0.6,
Twiss,U17,0,TDP,B,Twiss_U17_0_TDP_B,7.92,ug.L,0.6,
Twiss,U17,0,TDP,C,Twiss_U17_0_TDP_C,8.1,ug.L,0.6,
Uzarski,Vanderbilt_Park_Saginaw_Bay,0.5,TDP,A,Uzarski_Vanderbilt_Park_Saginaw_Bay_0.5_TDP_A,ND,ug.L,0.6,reading error
Uzarski,Vanderbilt_Park_Saginaw_Bay,0.5,TDP,B,Uzarski_Vanderbilt_Park_Saginaw_Bay_0.5_TDP_B,6.61,ug.L,0.6,
Uzarski,Vanderbilt_Park_Saginaw_Bay,0.5,TDP,C,Uzarski_Vanderbilt_Park_Saginaw_Bay_0.5_TDP_C,7.72,ug.L,0.6,
Vanderploeg,WE6,0.25,TDP,A,Vanderploeg_WE6_0.25_TDP_A,50.56,ug.L,0.6,
Vanderploeg,WE6,0.25,TDP,B,Vanderploeg_WE6_0.25_TDP_B,46.18,ug.L,0.6,
Vanderploeg,WE6,0.25,TDP,C,Vanderploeg_WE6_0.25_TDP_C,43.77,ug.L,0.6,
Vanderploeg,WE6,2.7,TDP,A,Vanderploeg_WE6_2.7_TDP_A,54.44,ug.L,0.6,
Vanderploeg,WE6,2.7,TDP,B,Vanderploeg_WE6_2.7_TDP_B,54.54,ug.L,0.6,
Vanderploeg,WE6,2.7,TDP,C,Vanderploeg_WE6_2.7_TDP_C,53.42,ug.L,0.6,
Doubek,Whitefish_Bay_WB-LS,1,TDP,A,Doubek_Whitefish_Bay_WB-LS_1_TDP_A,21.01,ug.L,0.6,
Doubek,Whitefish_Bay_WB-LS,1,TDP,B,Doubek_Whitefish_Bay_WB-LS_1_TDP_B,7.4,ug.L,0.6,
Doubek,Whitefish_Bay_WB-LS,1,TDP,C,Doubek_Whitefish_Bay_WB-LS_1_TDP_C,8.57,ug.L,0.6,
Doubek,Whitefish_Bay_WB-LS,9,TDP,A,Doubek_Whitefish_Bay_WB-LS_9_TDP_A,10.77,ug.L,0.6,
Doubek,Whitefish_Bay_WB-LS,9,TDP,B,Doubek_Whitefish_Bay_WB-LS_9_TDP_B,6.12,ug.L,0.6,
Doubek,Whitefish_Bay_WB-LS,9,TDP,C,Doubek_Whitefish_Bay_WB-LS_9_TDP_C,5.33,ug.L,0.6,
Zastepa,WP_Waverly_Beach_Park,1,TDP,A,Zastepa_WP_Waverly_Beach_Park_1_TDP_A,11.38,ug.L,0.6,
Zastepa,WP_Waverly_Beach_Park,1,TDP,B,Zastepa_WP_Waverly_Beach_Park_1_TDP_B,10.17,ug.L,0.6,
Zastepa,WP_Waverly_Beach_Park,1,TDP,C,Zastepa_WP_Waverly_Beach_Park_1_TDP_C,8.68,ug.L,0.6,
