pi_name,station,depth_m,analysis,rep,sample_name,value,unit,mdl_mg.l,notes
Ozersky,Apostles,0.4,NH4,A,Ozersky_Apostles_0.4_NH4_A,0.003,mg.L,0.004,
Ozersky,Apostles,0.4,NH4,B,Ozersky_Apostles_0.4_NH4_B,0.007,mg.L,0.004,
Ozersky,Apostles,31,NH4,A,Ozersky_Apostles_31_NH4_A,0.004,mg.L,0.004,
Ozersky,Apostles,31,NH4,B,Ozersky_Apostles_31_NH4_B,0.005,mg.L,0.004,
McGregor/Twiss,BI_Birch_Island,0,NH4,A,McGregor/Twiss_BI_Birch_Island_0_NH4_A,0.017,mg.L,0.004,
McGregor/Twiss,BI_Birch_Island,0,NH4,B,McGregor/Twiss_BI_Birch_Island_0_NH4_B,0.025,mg.L,0.004,
Pearce/Xenopolous,BQ1,0,NH4,A,Pearce/Xenopolous_BQ1_0_NH4_A,0.046,mg.L,0.004,
Pearce/Xenopolous,BQ1,0,NH4,B,Pearce/Xenopolous_BQ1_0_NH4_B,0.048,mg.L,0.004,
Pearce/Xenopolous,BQ1,9,NH4,A,Pearce/Xenopolous_BQ1_9_NH4_A,0.049,mg.L,0.004,
Pearce/Xenopolous,BQ1,9,NH4,B,Pearce/Xenopolous_BQ1_9_NH4_B,0.053,mg.L,0.004,
Currie,Bronte_Pier,0,NH4,A,Currie_Bronte_Pier_0_NH4_A,0.051,mg.L,0.004,
Currie,Bronte_Pier,0,NH4,B,Currie_Bronte_Pier_0_NH4_B,0.048,mg.L,0.004,
Currie,CCIW_Hamilton_Harbour,1,NH4,A,Currie_CCIW_Hamilton_Harbour_1_NH4_A,0.079,mg.L,0.004,
Currie,CCIW_Hamilton_Harbour,1,NH4,B,Currie_CCIW_Hamilton_Harbour_1_NH4_B,0.079,mg.L,0.004,
Currie,CCIW_Hamilton_Harbour,6,NH4,A,Currie_CCIW_Hamilton_Harbour_6_NH4_A,0.058,mg.L,0.004,
Currie,CCIW_Hamilton_Harbour,6,NH4,B,Currie_CCIW_Hamilton_Harbour_6_NH4_B,0.046,mg.L,0.004,
McKay,EC_1,0.5,NH4,A,McKay_EC_1_0.5_NH4_A,0.008,mg.L,0.004,
McKay,EC_1,0.5,NH4,B,McKay_EC_1_0.5_NH4_B,0.007,mg.L,0.004,
McKay,EC_1,9,NH4,A,McKay_EC_1_9_NH4_A,0,mg.L,0.004,
McKay,EC_1,9,NH4,B,McKay_EC_1_9_NH4_B,0,mg.L,0.004,
McKay,EC_12,0.5,NH4,A,McKay_EC_12_0.5_NH4_A,0,mg.L,0.004,
McKay,EC_12,0.5,NH4,B,McKay_EC_12_0.5_NH4_B,0,mg.L,0.004,
McKay,EC_1326,0.5,NH4,A,McKay_EC_1326_0.5_NH4_A,0.105,mg.L,0.004,
McKay,EC_1326,0.5,NH4,B,McKay_EC_1326_0.5_NH4_B,0.107,mg.L,0.004,
McKay,EC_3,0.5,NH4,A,McKay_EC_3_0.5_NH4_A,0,mg.L,0.004,
McKay,EC_3,0.5,NH4,B,McKay_EC_3_0.5_NH4_B,0,mg.L,0.004,
McKay,EC_341,0.5,NH4,A,McKay_EC_341_0.5_NH4_A,0.098,mg.L,0.004,
McKay,EC_341,0.5,NH4,B,McKay_EC_341_0.5_NH4_B,0.101,mg.L,0.004,
McKay,EC_84,0.5,NH4,A,McKay_EC_84_0.5_NH4_A,0.135,mg.L,0.004,
McKay,EC_84,0.5,NH4,B,McKay_EC_84_0.5_NH4_B,0.134,mg.L,0.004,
McKay,EC_9,0.5,NH4,A,McKay_EC_9_0.5_NH4_A,0,mg.L,0.004,
McKay,EC_9,0.5,NH4,B,McKay_EC_9_0.5_NH4_B,0,mg.L,0.004,
McKay,EC_970,0.5,NH4,A,McKay_EC_970_0.5_NH4_A,0.007,mg.L,0.004,
McKay,EC_970,0.5,NH4,B,McKay_EC_970_0.5_NH4_B,0.007,mg.L,0.004,
McKay,ER_78M,0.5,NH4,A,McKay_ER_78M_0.5_NH4_A,0.076,mg.L,0.004,
McKay,ER_78M,0.5,NH4,B,McKay_ER_78M_0.5_NH4_B,0.065,mg.L,0.004,
McKay,ER_91M,0.5,NH4,A,McKay_ER_91M_0.5_NH4_A,0.018,mg.L,0.004,
McKay,ER_91M,0.5,NH4,B,McKay_ER_91M_0.5_NH4_B,0.016,mg.L,0.004,
Pearce/Xenopolous,GB1,0.45,NH4,A,Pearce/Xenopolous_GB1_0.45_NH4_A,0.018,mg.L,0.004,
Pearce/Xenopolous,GB1,0.45,NH4,B,Pearce/Xenopolous_GB1_0.45_NH4_B,0.016,mg.L,0.004,
Pearce/Xenopolous,GB1,7,NH4,A,Pearce/Xenopolous_GB1_7_NH4_A,0.022,mg.L,0.004,
Pearce/Xenopolous,GB1,7,NH4,B,Pearce/Xenopolous_GB1_7_NH4_B,0.021,mg.L,0.004,
McKay,GR001,0.5,NH4,A,McKay_GR001_0.5_NH4_A,0.021,mg.L,0.004,
McKay,GR001,0.5,NH4,B,McKay_GR001_0.5_NH4_B,0.022,mg.L,0.004,
Ozersky,Green_Bay,0.5,NH4,A,Ozersky_Green_Bay_0.5_NH4_A,0.001,mg.L,0.004,
Ozersky,Green_Bay,0.5,NH4,B,Ozersky_Green_Bay_0.5_NH4_B,0.003,mg.L,0.004,
Ozersky,Green_Bay,5,NH4,A,Ozersky_Green_Bay_5_NH4_A,0.026,mg.L,0.004,
Ozersky,Green_Bay,5,NH4,B,Ozersky_Green_Bay_5_NH4_B,0.026,mg.L,0.004,
Vick-Majors,Keweenaw_Bay_KB,0.5,NH4,A,Vick-Majors_Keweenaw_Bay_KB_0.5_NH4_A,0.154,mg.L,0.004,
Vick-Majors,Keweenaw_Bay_KB,0.5,NH4,B,Vick-Majors_Keweenaw_Bay_KB_0.5_NH4_B,0.148,mg.L,0.004,
Vick-Majors,Keweenaw_Bay_KB,17.5,NH4,A,Vick-Majors_Keweenaw_Bay_KB_17.5_NH4_A,0.002,mg.L,0.004,
Vick-Majors,Keweenaw_Bay_KB,17.5,NH4,B,Vick-Majors_Keweenaw_Bay_KB_17.5_NH4_B,0.007,mg.L,0.004,
Vick-Majors,Keweenaw_Waterway_KW,0.5,NH4,A,Vick-Majors_Keweenaw_Waterway_KW_0.5_NH4_A,0.005,mg.L,0.004,
Vick-Majors,Keweenaw_Waterway_KW,0.5,NH4,B,Vick-Majors_Keweenaw_Waterway_KW_0.5_NH4_B,0.003,mg.L,0.004,
Vick-Majors,Keweenaw_Waterway_KW,5.5,NH4,A,Vick-Majors_Keweenaw_Waterway_KW_5.5_NH4_A,0.007,mg.L,0.004,
Vick-Majors,Keweenaw_Waterway_KW,5.5,NH4,B,Vick-Majors_Keweenaw_Waterway_KW_5.5_NH4_B,0.006,mg.L,0.004,
McGregor/Twiss,LC_Little_Current,0,NH4,A,McGregor/Twiss_LC_Little_Current_0_NH4_A,0.017,mg.L,0.004,
McGregor/Twiss,LC_Little_Current,0,NH4,B,McGregor/Twiss_LC_Little_Current_0_NH4_B,0.017,mg.L,0.004,
Eveleth,Lorain,0.2,NH4,A,Eveleth_Lorain_0.2_NH4_A,0.155,mg.L,0.004,
Eveleth,Lorain,0.2,NH4,B,Eveleth_Lorain_0.2_NH4_B,0.155,mg.L,0.004,
Eveleth,Lorain,2,NH4,A,Eveleth_Lorain_2_NH4_A,0.158,mg.L,0.004,
Eveleth,Lorain,2,NH4,B,Eveleth_Lorain_2_NH4_B,0.156,mg.L,0.004,
McKay,LSC-MB,1,NH4,A,McKay_LSC-MB_1_NH4_A,0.022,mg.L,0.004,
McKay,LSC-MB,1,NH4,B,McKay_LSC-MB_1_NH4_B,0.018,mg.L,0.004,
McKay/Bullerjahn,NB22-002,0.5,NH4,A,McKay/Bullerjahn_NB22-002_0.5_NH4_A,0.012,mg.L,0.004,
McKay/Bullerjahn,NB22-002,0.5,NH4,B,McKay/Bullerjahn_NB22-002_0.5_NH4_B,0.015,mg.L,0.004,
McKay/Bullerjahn,NB22-003,0.5,NH4,A,McKay/Bullerjahn_NB22-003_0.5_NH4_A,0.027,mg.L,0.004,
McKay/Bullerjahn,NB22-003,0.5,NH4,B,McKay/Bullerjahn_NB22-003_0.5_NH4_B,0.029,mg.L,0.004,
McKay/Bullerjahn,NB22-004,0.5,NH4,A,McKay/Bullerjahn_NB22-004_0.5_NH4_A,0.038,mg.L,0.004,
McKay/Bullerjahn,NB22-004,0.5,NH4,B,McKay/Bullerjahn_NB22-004_0.5_NH4_B,0.037,mg.L,0.004,
McKay,NB22-005,0.5,NH4,A,McKay_NB22-005_0.5_NH4_A,0,mg.L,0.004,
McKay,NB22-005,0.5,NH4,B,McKay_NB22-005_0.5_NH4_B,0.002,mg.L,0.004,
McKay,NB22-006,0.5,NH4,A,McKay_NB22-006_0.5_NH4_A,0.041,mg.L,0.004,
McKay,NB22-006,0.5,NH4,B,McKay_NB22-006_0.5_NH4_B,0.046,mg.L,0.004,
McKay,NB22-007,0.5,NH4,A,McKay_NB22-007_0.5_NH4_A,0,mg.L,0.004,
McKay,NB22-007,0.5,NH4,B,McKay_NB22-007_0.5_NH4_B,0,mg.L,0.004,
Bramburger,Ontario_-_St._Catharines,1,NH4,A,Bramburger_Ontario_-_St._Catharines_1_NH4_A,0.014,mg.L,0.004,
Bramburger,Ontario_-_St._Catharines,1,NH4,B,Bramburger_Ontario_-_St._Catharines_1_NH4_B,0.015,mg.L,0.004,
Depew,Parry_Sound_Georgian_Bay,1,NH4,A,Depew_Parry_Sound_Georgian_Bay_1_NH4_A,0.033,mg.L,0.004,
Depew,Parry_Sound_Georgian_Bay,1,NH4,B,Depew_Parry_Sound_Georgian_Bay_1_NH4_B,0.033,mg.L,0.004,
Uzarski,Pinconning_Park_Saginaw_Bay,0.5,NH4,A,Uzarski_Pinconning_Park_Saginaw_Bay_0.5_NH4_A,0.016,mg.L,0.004,
Uzarski,Pinconning_Park_Saginaw_Bay,0.5,NH4,B,Uzarski_Pinconning_Park_Saginaw_Bay_0.5_NH4_B,0.016,mg.L,0.004,
McGregor/Twiss,RD_Bay_of_Islands_Whitefish_Falls,0,NH4,A,McGregor/Twiss_RD_Bay_of_Islands_Whitefish_Falls_0_NH4_A,0.012,mg.L,0.004,
McGregor/Twiss,RD_Bay_of_Islands_Whitefish_Falls,0,NH4,B,McGregor/Twiss_RD_Bay_of_Islands_Whitefish_Falls_0_NH4_B,0.012,mg.L,0.004,
Zastepa,RW_Ridgeway_Abino_Bay,1,NH4,A,Zastepa_RW_Ridgeway_Abino_Bay_1_NH4_A,0.318,mg.L,0.004,
Zastepa,RW_Ridgeway_Abino_Bay,1,NH4,B,Zastepa_RW_Ridgeway_Abino_Bay_1_NH4_B,0.319,mg.L,0.004,
Karpovich,Saginaw_River,0.3,NH4,A,Karpovich_Saginaw_River_0.3_NH4_A,0.149,mg.L,0.004,
Karpovich,Saginaw_River,0.3,NH4,B,Karpovich_Saginaw_River_0.3_NH4_B,0.15,mg.L,0.004,
Doubek,Saint_Martin_Bay_SM-LH,1,NH4,A,Doubek_Saint_Martin_Bay_SM-LH_1_NH4_A,0,mg.L,0.004,
Doubek,Saint_Martin_Bay_SM-LH,1,NH4,B,Doubek_Saint_Martin_Bay_SM-LH_1_NH4_B,0.003,mg.L,0.004,
Doubek,Saint_Martin_Bay_SM-LH,8.5,NH4,A,Doubek_Saint_Martin_Bay_SM-LH_8.5_NH4_A,0.007,mg.L,0.004,
Doubek,Saint_Martin_Bay_SM-LH,8.5,NH4,B,Doubek_Saint_Martin_Bay_SM-LH_8.5_NH4_B,0.007,mg.L,0.004,
Bullerjahn/McKay,Sandusky_Bay,0.5,NH4,A,Bullerjahn/McKay_Sandusky_Bay_0.5_NH4_A,0.067,mg.L,0.004,
Bullerjahn/McKay,Sandusky_Bay,0.5,NH4,B,Bullerjahn/McKay_Sandusky_Bay_0.5_NH4_B,0.067,mg.L,0.004,
Bullerjahn/McKay,Sandusky_Bay,1,NH4,A,Bullerjahn/McKay_Sandusky_Bay_1_NH4_A,0.071,mg.L,0.004,
Bullerjahn/McKay,Sandusky_Bay,1,NH4,B,Bullerjahn/McKay_Sandusky_Bay_1_NH4_B,0.072,mg.L,0.004,
Godwin,SB14,3,NH4,A,Godwin_SB14_3_NH4_A,0,mg.L,0.004,
Godwin,SB14,3,NH4,B,Godwin_SB14_3_NH4_B,0,mg.L,0.004,
Godwin,SB1,0.7,NH4,A,Godwin_SB1_0.7_NH4_A,0,mg.L,0.004,
Godwin,SB1,0.7,NH4,B,Godwin_SB1_0.7_NH4_B,0,mg.L,0.004,
Godwin,SB14,0.7,NH4,A,Godwin_SB14_0.7_NH4_A,0,mg.L,0.004,
Godwin,SB14,0.7,NH4,B,Godwin_SB14_0.7_NH4_B,0,mg.L,0.004,
Rennie,Silver_Harbour_Thunder_Bay,0,NH4,A,Rennie_Silver_Harbour_Thunder_Bay_0_NH4_A,0.005,mg.L,0.004,
Rennie,Silver_Harbour_Thunder_Bay,0,NH4,B,Rennie_Silver_Harbour_Thunder_Bay_0_NH4_B,0.006,mg.L,0.004,
Rennie,Silver_Harbour_Thunder_Bay,10,NH4,A,Rennie_Silver_Harbour_Thunder_Bay_10_NH4_A,0.006,mg.L,0.004,
Rennie,Silver_Harbour_Thunder_Bay,10,NH4,B,Rennie_Silver_Harbour_Thunder_Bay_10_NH4_B,0.001,mg.L,0.004,
Chaffin,South_Bass_Island,0.5,NH4,A,Chaffin_South_Bass_Island_0.5_NH4_A,0.065,mg.L,0.004,
Chaffin,South_Bass_Island,0.5,NH4,B,Chaffin_South_Bass_Island_0.5_NH4_B,0.064,mg.L,0.004,
Chaffin,South_Bass_Island,9,NH4,A,Chaffin_South_Bass_Island_9_NH4_A,0.069,mg.L,0.004,
Chaffin,South_Bass_Island,9,NH4,B,Chaffin_South_Bass_Island_9_NH4_B,0.067,mg.L,0.004,
Twiss,U17,0,NH4,A,Twiss_U17_0_NH4_A,0.007,mg.L,0.004,
Twiss,U17,0,NH4,B,Twiss_U17_0_NH4_B,0.017,mg.L,0.004,
Uzarski,Vanderbilt_Park_Saginaw_Bay,0.5,NH4,A,Uzarski_Vanderbilt_Park_Saginaw_Bay_0.5_NH4_A,0.007,mg.L,0.004,
Uzarski,Vanderbilt_Park_Saginaw_Bay,0.5,NH4,B,Uzarski_Vanderbilt_Park_Saginaw_Bay_0.5_NH4_B,0.008,mg.L,0.004,
Vanderploeg,WE6,0.25,NH4,A,Vanderploeg_WE6_0.25_NH4_A,0.074,mg.L,0.004,
Vanderploeg,WE6,0.25,NH4,B,Vanderploeg_WE6_0.25_NH4_B,0.079,mg.L,0.004,
Vanderploeg,WE6,2.7,NH4,A,Vanderploeg_WE6_2.7_NH4_A,0.097,mg.L,0.004,
Vanderploeg,WE6,2.7,NH4,B,Vanderploeg_WE6_2.7_NH4_B,0.096,mg.L,0.004,
Doubek,Whitefish_Bay_WB-LS,1,NH4,A,Doubek_Whitefish_Bay_WB-LS_1_NH4_A,0.002,mg.L,0.004,
Doubek,Whitefish_Bay_WB-LS,1,NH4,B,Doubek_Whitefish_Bay_WB-LS_1_NH4_B,0.005,mg.L,0.004,
Doubek,Whitefish_Bay_WB-LS,9,NH4,A,Doubek_Whitefish_Bay_WB-LS_9_NH4_A,0,mg.L,0.004,
Doubek,Whitefish_Bay_WB-LS,9,NH4,B,Doubek_Whitefish_Bay_WB-LS_9_NH4_B,0.004,mg.L,0.004,
Zastepa,WP_Waverly_Beach_Park,1,NH4,A,Zastepa_WP_Waverly_Beach_Park_1_NH4_A,0.017,mg.L,0.004,
Zastepa,WP_Waverly_Beach_Park,1,NH4,B,Zastepa_WP_Waverly_Beach_Park_1_NH4_B,0.018,mg.L,0.004,