pi_name,station,depth_m,analysis,sample_name,taxon,count_cell_ml-1,notes
Ozersky,Apostles,0,ciliated_protist_abundance,Ozersky_Apostles_0_ciliated_protist_abundance,Cyclidium_spp_cell_mL-1,0,
Ozersky,Apostles,0,ciliated_protist_abundance,Ozersky_Apostles_0_ciliated_protist_abundance,Gymnodinium_helveticum_cell_mL-1,0.01,
Ozersky,Apostles,0,ciliated_protist_abundance,Ozersky_Apostles_0_ciliated_protist_abundance,Gymnodinium_Sp1_cell_mL-1,0,
Ozersky,Apostles,0,ciliated_protist_abundance,Ozersky_Apostles_0_ciliated_protist_abundance,Gymnodinium_varians_cell_mL-1,0,
Ozersky,Apostles,0,ciliated_protist_abundance,Ozersky_Apostles_0_ciliated_protist_abundance,Halteria_Sp1_cell_mL-1,0,
Ozersky,Apostles,0,ciliated_protist_abundance,Ozersky_Apostles_0_ciliated_protist_abundance,Mallomonas_pseudocoronata_cell_mL-1,0,
Ozersky,Apostles,0,ciliated_protist_abundance,Ozersky_Apostles_0_ciliated_protist_abundance,Mesodinium_Sp2_cell_mL-1,0,
Ozersky,Apostles,0,ciliated_protist_abundance,Ozersky_Apostles_0_ciliated_protist_abundance,Monodinium_Sp1_cell_mL-1,0,
Ozersky,Apostles,0,ciliated_protist_abundance,Ozersky_Apostles_0_ciliated_protist_abundance,Pelagohalteria_Sp1_cell_mL-1,0,
Ozersky,Apostles,0,ciliated_protist_abundance,Ozersky_Apostles_0_ciliated_protist_abundance,Peridinium_inconspicum_cell_mL-1,0,
Ozersky,Apostles,0,ciliated_protist_abundance,Ozersky_Apostles_0_ciliated_protist_abundance,Strombidum_Sp1_cell_mL-1,0,
Ozersky,Apostles,0,ciliated_protist_abundance,Ozersky_Apostles_0_ciliated_protist_abundance,Strobilidium_Sp1_cell_mL-1,0,
Ozersky,Apostles,0,ciliated_protist_abundance,Ozersky_Apostles_0_ciliated_protist_abundance,Titinnidium_spp_cell_mL-1,0,
Ozersky,Apostles,0,ciliated_protist_abundance,Ozersky_Apostles_0_ciliated_protist_abundance,Urotricha_farcta_cell_mL-1,0,
Ozersky,Apostles,0,ciliated_protist_abundance,Ozersky_Apostles_0_ciliated_protist_abundance,Urotricha_Sp2_cell_mL-1,0,
Ozersky,Apostles,0,ciliated_protist_abundance,Ozersky_Apostles_0_ciliated_protist_abundance,Vorticella_campanula_cell_mL-1,0,
Ozersky,Apostles,0,ciliated_protist_abundance,Ozersky_Apostles_0_ciliated_protist_abundance,TOTAL_cell_mL-1,0.02,
McGregor_Twiss,BI_Birch_Island,0,ciliated_protist_abundance,McGregor_Twiss_BI_Birch_Island_0_ciliated_protist_abundance,Cyclidium_spp_cell_mL-1,0,
McGregor_Twiss,BI_Birch_Island,0,ciliated_protist_abundance,McGregor_Twiss_BI_Birch_Island_0_ciliated_protist_abundance,Gymnodinium_helveticum_cell_mL-1,0.01,
McGregor_Twiss,BI_Birch_Island,0,ciliated_protist_abundance,McGregor_Twiss_BI_Birch_Island_0_ciliated_protist_abundance,Gymnodinium_Sp1_cell_mL-1,0,
McGregor_Twiss,BI_Birch_Island,0,ciliated_protist_abundance,McGregor_Twiss_BI_Birch_Island_0_ciliated_protist_abundance,Gymnodinium_varians_cell_mL-1,0.03,
McGregor_Twiss,BI_Birch_Island,0,ciliated_protist_abundance,McGregor_Twiss_BI_Birch_Island_0_ciliated_protist_abundance,Halteria_Sp1_cell_mL-1,0,
McGregor_Twiss,BI_Birch_Island,0,ciliated_protist_abundance,McGregor_Twiss_BI_Birch_Island_0_ciliated_protist_abundance,Mallomonas_pseudocoronata_cell_mL-1,0,
McGregor_Twiss,BI_Birch_Island,0,ciliated_protist_abundance,McGregor_Twiss_BI_Birch_Island_0_ciliated_protist_abundance,Mesodinium_Sp2_cell_mL-1,0,
McGregor_Twiss,BI_Birch_Island,0,ciliated_protist_abundance,McGregor_Twiss_BI_Birch_Island_0_ciliated_protist_abundance,Monodinium_Sp1_cell_mL-1,0,
McGregor_Twiss,BI_Birch_Island,0,ciliated_protist_abundance,McGregor_Twiss_BI_Birch_Island_0_ciliated_protist_abundance,Pelagohalteria_Sp1_cell_mL-1,0,
McGregor_Twiss,BI_Birch_Island,0,ciliated_protist_abundance,McGregor_Twiss_BI_Birch_Island_0_ciliated_protist_abundance,Peridinium_inconspicum_cell_mL-1,0.01,
McGregor_Twiss,BI_Birch_Island,0,ciliated_protist_abundance,McGregor_Twiss_BI_Birch_Island_0_ciliated_protist_abundance,Strombidum_Sp1_cell_mL-1,0.01,
McGregor_Twiss,BI_Birch_Island,0,ciliated_protist_abundance,McGregor_Twiss_BI_Birch_Island_0_ciliated_protist_abundance,Strobilidium_Sp1_cell_mL-1,0,
McGregor_Twiss,BI_Birch_Island,0,ciliated_protist_abundance,McGregor_Twiss_BI_Birch_Island_0_ciliated_protist_abundance,Titinnidium_spp_cell_mL-1,0,
McGregor_Twiss,BI_Birch_Island,0,ciliated_protist_abundance,McGregor_Twiss_BI_Birch_Island_0_ciliated_protist_abundance,Urotricha_farcta_cell_mL-1,0.02,
McGregor_Twiss,BI_Birch_Island,0,ciliated_protist_abundance,McGregor_Twiss_BI_Birch_Island_0_ciliated_protist_abundance,Urotricha_Sp2_cell_mL-1,0,
McGregor_Twiss,BI_Birch_Island,0,ciliated_protist_abundance,McGregor_Twiss_BI_Birch_Island_0_ciliated_protist_abundance,Vorticella_campanula_cell_mL-1,0,
McGregor_Twiss,BI_Birch_Island,0,ciliated_protist_abundance,McGregor_Twiss_BI_Birch_Island_0_ciliated_protist_abundance,TOTAL_cell_mL-1,0.08,
Currie,Bronte_Pier,0,ciliated_protist_abundance,Currie_Bronte_Pier_0_ciliated_protist_abundance,Cyclidium_spp_cell_mL-1,0,
Currie,Bronte_Pier,0,ciliated_protist_abundance,Currie_Bronte_Pier_0_ciliated_protist_abundance,Gymnodinium_helveticum_cell_mL-1,0,
Currie,Bronte_Pier,0,ciliated_protist_abundance,Currie_Bronte_Pier_0_ciliated_protist_abundance,Gymnodinium_Sp1_cell_mL-1,0,
Currie,Bronte_Pier,0,ciliated_protist_abundance,Currie_Bronte_Pier_0_ciliated_protist_abundance,Gymnodinium_varians_cell_mL-1,0,
Currie,Bronte_Pier,0,ciliated_protist_abundance,Currie_Bronte_Pier_0_ciliated_protist_abundance,Halteria_Sp1_cell_mL-1,0,
Currie,Bronte_Pier,0,ciliated_protist_abundance,Currie_Bronte_Pier_0_ciliated_protist_abundance,Mallomonas_pseudocoronata_cell_mL-1,0,
Currie,Bronte_Pier,0,ciliated_protist_abundance,Currie_Bronte_Pier_0_ciliated_protist_abundance,Mesodinium_Sp2_cell_mL-1,0,
Currie,Bronte_Pier,0,ciliated_protist_abundance,Currie_Bronte_Pier_0_ciliated_protist_abundance,Monodinium_Sp1_cell_mL-1,0,
Currie,Bronte_Pier,0,ciliated_protist_abundance,Currie_Bronte_Pier_0_ciliated_protist_abundance,Pelagohalteria_Sp1_cell_mL-1,0,
Currie,Bronte_Pier,0,ciliated_protist_abundance,Currie_Bronte_Pier_0_ciliated_protist_abundance,Peridinium_inconspicum_cell_mL-1,0,
Currie,Bronte_Pier,0,ciliated_protist_abundance,Currie_Bronte_Pier_0_ciliated_protist_abundance,Strombidum_Sp1_cell_mL-1,0,
Currie,Bronte_Pier,0,ciliated_protist_abundance,Currie_Bronte_Pier_0_ciliated_protist_abundance,Strobilidium_Sp1_cell_mL-1,0,
Currie,Bronte_Pier,0,ciliated_protist_abundance,Currie_Bronte_Pier_0_ciliated_protist_abundance,Titinnidium_spp_cell_mL-1,0,
Currie,Bronte_Pier,0,ciliated_protist_abundance,Currie_Bronte_Pier_0_ciliated_protist_abundance,Urotricha_farcta_cell_mL-1,0,
Currie,Bronte_Pier,0,ciliated_protist_abundance,Currie_Bronte_Pier_0_ciliated_protist_abundance,Urotricha_Sp2_cell_mL-1,0,
Currie,Bronte_Pier,0,ciliated_protist_abundance,Currie_Bronte_Pier_0_ciliated_protist_abundance,Vorticella_campanula_cell_mL-1,0,
Currie,Bronte_Pier,0,ciliated_protist_abundance,Currie_Bronte_Pier_0_ciliated_protist_abundance,TOTAL_cell_mL-1,0.01,
Maggie_Xenopoulos_&_Nolan_Pearce,BQ1,0,ciliated_protist_abundance,Maggie_Xenopoulos_&_Nolan_Pearce_BQ1_0_ciliated_protist_abundance,Cyclidium_spp_cell_mL-1,0,
Maggie_Xenopoulos_&_Nolan_Pearce,BQ1,0,ciliated_protist_abundance,Maggie_Xenopoulos_&_Nolan_Pearce_BQ1_0_ciliated_protist_abundance,Gymnodinium_helveticum_cell_mL-1,0.01,
Maggie_Xenopoulos_&_Nolan_Pearce,BQ1,0,ciliated_protist_abundance,Maggie_Xenopoulos_&_Nolan_Pearce_BQ1_0_ciliated_protist_abundance,Gymnodinium_Sp1_cell_mL-1,0,
Maggie_Xenopoulos_&_Nolan_Pearce,BQ1,0,ciliated_protist_abundance,Maggie_Xenopoulos_&_Nolan_Pearce_BQ1_0_ciliated_protist_abundance,Gymnodinium_varians_cell_mL-1,0.03,
Maggie_Xenopoulos_&_Nolan_Pearce,BQ1,0,ciliated_protist_abundance,Maggie_Xenopoulos_&_Nolan_Pearce_BQ1_0_ciliated_protist_abundance,Halteria_Sp1_cell_mL-1,0,
Maggie_Xenopoulos_&_Nolan_Pearce,BQ1,0,ciliated_protist_abundance,Maggie_Xenopoulos_&_Nolan_Pearce_BQ1_0_ciliated_protist_abundance,Mallomonas_pseudocoronata_cell_mL-1,0,
Maggie_Xenopoulos_&_Nolan_Pearce,BQ1,0,ciliated_protist_abundance,Maggie_Xenopoulos_&_Nolan_Pearce_BQ1_0_ciliated_protist_abundance,Mesodinium_Sp2_cell_mL-1,0,
Maggie_Xenopoulos_&_Nolan_Pearce,BQ1,0,ciliated_protist_abundance,Maggie_Xenopoulos_&_Nolan_Pearce_BQ1_0_ciliated_protist_abundance,Monodinium_Sp1_cell_mL-1,0,
Maggie_Xenopoulos_&_Nolan_Pearce,BQ1,0,ciliated_protist_abundance,Maggie_Xenopoulos_&_Nolan_Pearce_BQ1_0_ciliated_protist_abundance,Pelagohalteria_Sp1_cell_mL-1,0,
Maggie_Xenopoulos_&_Nolan_Pearce,BQ1,0,ciliated_protist_abundance,Maggie_Xenopoulos_&_Nolan_Pearce_BQ1_0_ciliated_protist_abundance,Peridinium_inconspicum_cell_mL-1,0.01,
Maggie_Xenopoulos_&_Nolan_Pearce,BQ1,0,ciliated_protist_abundance,Maggie_Xenopoulos_&_Nolan_Pearce_BQ1_0_ciliated_protist_abundance,Strombidum_Sp1_cell_mL-1,0,
Maggie_Xenopoulos_&_Nolan_Pearce,BQ1,0,ciliated_protist_abundance,Maggie_Xenopoulos_&_Nolan_Pearce_BQ1_0_ciliated_protist_abundance,Strobilidium_Sp1_cell_mL-1,0.01,
Maggie_Xenopoulos_&_Nolan_Pearce,BQ1,0,ciliated_protist_abundance,Maggie_Xenopoulos_&_Nolan_Pearce_BQ1_0_ciliated_protist_abundance,Titinnidium_spp_cell_mL-1,0,
Maggie_Xenopoulos_&_Nolan_Pearce,BQ1,0,ciliated_protist_abundance,Maggie_Xenopoulos_&_Nolan_Pearce_BQ1_0_ciliated_protist_abundance,Urotricha_farcta_cell_mL-1,0.02,
Maggie_Xenopoulos_&_Nolan_Pearce,BQ1,0,ciliated_protist_abundance,Maggie_Xenopoulos_&_Nolan_Pearce_BQ1_0_ciliated_protist_abundance,Urotricha_Sp2_cell_mL-1,0,
Maggie_Xenopoulos_&_Nolan_Pearce,BQ1,0,ciliated_protist_abundance,Maggie_Xenopoulos_&_Nolan_Pearce_BQ1_0_ciliated_protist_abundance,Vorticella_campanula_cell_mL-1,0,
Maggie_Xenopoulos_&_Nolan_Pearce,BQ1,0,ciliated_protist_abundance,Maggie_Xenopoulos_&_Nolan_Pearce_BQ1_0_ciliated_protist_abundance,TOTAL_cell_mL-1,0.07,
Warren_Currie,CCIW_Hamilton_Harbour,1,ciliated_protist_abundance,Warren_Currie_CCIW_Hamilton_Harbour_1_ciliated_protist_abundance,Cyclidium_spp_cell_mL-1,0,
Warren_Currie,CCIW_Hamilton_Harbour,1,ciliated_protist_abundance,Warren_Currie_CCIW_Hamilton_Harbour_1_ciliated_protist_abundance,Gymnodinium_helveticum_cell_mL-1,0.03,
Warren_Currie,CCIW_Hamilton_Harbour,1,ciliated_protist_abundance,Warren_Currie_CCIW_Hamilton_Harbour_1_ciliated_protist_abundance,Gymnodinium_Sp1_cell_mL-1,0,
Warren_Currie,CCIW_Hamilton_Harbour,1,ciliated_protist_abundance,Warren_Currie_CCIW_Hamilton_Harbour_1_ciliated_protist_abundance,Gymnodinium_varians_cell_mL-1,0.02,
Warren_Currie,CCIW_Hamilton_Harbour,1,ciliated_protist_abundance,Warren_Currie_CCIW_Hamilton_Harbour_1_ciliated_protist_abundance,Halteria_Sp1_cell_mL-1,0,
Warren_Currie,CCIW_Hamilton_Harbour,1,ciliated_protist_abundance,Warren_Currie_CCIW_Hamilton_Harbour_1_ciliated_protist_abundance,Mallomonas_pseudocoronata_cell_mL-1,0,
Warren_Currie,CCIW_Hamilton_Harbour,1,ciliated_protist_abundance,Warren_Currie_CCIW_Hamilton_Harbour_1_ciliated_protist_abundance,Mesodinium_Sp2_cell_mL-1,0,
Warren_Currie,CCIW_Hamilton_Harbour,1,ciliated_protist_abundance,Warren_Currie_CCIW_Hamilton_Harbour_1_ciliated_protist_abundance,Monodinium_Sp1_cell_mL-1,0,
Warren_Currie,CCIW_Hamilton_Harbour,1,ciliated_protist_abundance,Warren_Currie_CCIW_Hamilton_Harbour_1_ciliated_protist_abundance,Pelagohalteria_Sp1_cell_mL-1,0,
Warren_Currie,CCIW_Hamilton_Harbour,1,ciliated_protist_abundance,Warren_Currie_CCIW_Hamilton_Harbour_1_ciliated_protist_abundance,Peridinium_inconspicum_cell_mL-1,0,
Warren_Currie,CCIW_Hamilton_Harbour,1,ciliated_protist_abundance,Warren_Currie_CCIW_Hamilton_Harbour_1_ciliated_protist_abundance,Strombidum_Sp1_cell_mL-1,0,
Warren_Currie,CCIW_Hamilton_Harbour,1,ciliated_protist_abundance,Warren_Currie_CCIW_Hamilton_Harbour_1_ciliated_protist_abundance,Strobilidium_Sp1_cell_mL-1,0.01,
Warren_Currie,CCIW_Hamilton_Harbour,1,ciliated_protist_abundance,Warren_Currie_CCIW_Hamilton_Harbour_1_ciliated_protist_abundance,Titinnidium_spp_cell_mL-1,0,
Warren_Currie,CCIW_Hamilton_Harbour,1,ciliated_protist_abundance,Warren_Currie_CCIW_Hamilton_Harbour_1_ciliated_protist_abundance,Urotricha_farcta_cell_mL-1,0.02,
Warren_Currie,CCIW_Hamilton_Harbour,1,ciliated_protist_abundance,Warren_Currie_CCIW_Hamilton_Harbour_1_ciliated_protist_abundance,Urotricha_Sp2_cell_mL-1,0,
Warren_Currie,CCIW_Hamilton_Harbour,1,ciliated_protist_abundance,Warren_Currie_CCIW_Hamilton_Harbour_1_ciliated_protist_abundance,Vorticella_campanula_cell_mL-1,0,
Warren_Currie,CCIW_Hamilton_Harbour,1,ciliated_protist_abundance,Warren_Currie_CCIW_Hamilton_Harbour_1_ciliated_protist_abundance,TOTAL_cell_mL-1,0.07,
Maggie_Xenopoulos_&_Nolan_Pearce,GB1,0,ciliated_protist_abundance,Maggie_Xenopoulos_&_Nolan_Pearce_GB1_0_ciliated_protist_abundance,Cyclidium_spp_cell_mL-1,0,
Maggie_Xenopoulos_&_Nolan_Pearce,GB1,0,ciliated_protist_abundance,Maggie_Xenopoulos_&_Nolan_Pearce_GB1_0_ciliated_protist_abundance,Gymnodinium_helveticum_cell_mL-1,0,
Maggie_Xenopoulos_&_Nolan_Pearce,GB1,0,ciliated_protist_abundance,Maggie_Xenopoulos_&_Nolan_Pearce_GB1_0_ciliated_protist_abundance,Gymnodinium_Sp1_cell_mL-1,0,
Maggie_Xenopoulos_&_Nolan_Pearce,GB1,0,ciliated_protist_abundance,Maggie_Xenopoulos_&_Nolan_Pearce_GB1_0_ciliated_protist_abundance,Gymnodinium_varians_cell_mL-1,0.03,
Maggie_Xenopoulos_&_Nolan_Pearce,GB1,0,ciliated_protist_abundance,Maggie_Xenopoulos_&_Nolan_Pearce_GB1_0_ciliated_protist_abundance,Halteria_Sp1_cell_mL-1,0,
Maggie_Xenopoulos_&_Nolan_Pearce,GB1,0,ciliated_protist_abundance,Maggie_Xenopoulos_&_Nolan_Pearce_GB1_0_ciliated_protist_abundance,Mallomonas_pseudocoronata_cell_mL-1,0,
Maggie_Xenopoulos_&_Nolan_Pearce,GB1,0,ciliated_protist_abundance,Maggie_Xenopoulos_&_Nolan_Pearce_GB1_0_ciliated_protist_abundance,Mesodinium_Sp2_cell_mL-1,0,
Maggie_Xenopoulos_&_Nolan_Pearce,GB1,0,ciliated_protist_abundance,Maggie_Xenopoulos_&_Nolan_Pearce_GB1_0_ciliated_protist_abundance,Monodinium_Sp1_cell_mL-1,0,
Maggie_Xenopoulos_&_Nolan_Pearce,GB1,0,ciliated_protist_abundance,Maggie_Xenopoulos_&_Nolan_Pearce_GB1_0_ciliated_protist_abundance,Pelagohalteria_Sp1_cell_mL-1,0,
Maggie_Xenopoulos_&_Nolan_Pearce,GB1,0,ciliated_protist_abundance,Maggie_Xenopoulos_&_Nolan_Pearce_GB1_0_ciliated_protist_abundance,Peridinium_inconspicum_cell_mL-1,0.01,
Maggie_Xenopoulos_&_Nolan_Pearce,GB1,0,ciliated_protist_abundance,Maggie_Xenopoulos_&_Nolan_Pearce_GB1_0_ciliated_protist_abundance,Strombidum_Sp1_cell_mL-1,0,
Maggie_Xenopoulos_&_Nolan_Pearce,GB1,0,ciliated_protist_abundance,Maggie_Xenopoulos_&_Nolan_Pearce_GB1_0_ciliated_protist_abundance,Strobilidium_Sp1_cell_mL-1,0,
Maggie_Xenopoulos_&_Nolan_Pearce,GB1,0,ciliated_protist_abundance,Maggie_Xenopoulos_&_Nolan_Pearce_GB1_0_ciliated_protist_abundance,Titinnidium_spp_cell_mL-1,0,
Maggie_Xenopoulos_&_Nolan_Pearce,GB1,0,ciliated_protist_abundance,Maggie_Xenopoulos_&_Nolan_Pearce_GB1_0_ciliated_protist_abundance,Urotricha_farcta_cell_mL-1,0.03,
Maggie_Xenopoulos_&_Nolan_Pearce,GB1,0,ciliated_protist_abundance,Maggie_Xenopoulos_&_Nolan_Pearce_GB1_0_ciliated_protist_abundance,Urotricha_Sp2_cell_mL-1,0,
Maggie_Xenopoulos_&_Nolan_Pearce,GB1,0,ciliated_protist_abundance,Maggie_Xenopoulos_&_Nolan_Pearce_GB1_0_ciliated_protist_abundance,Vorticella_campanula_cell_mL-1,0,
Maggie_Xenopoulos_&_Nolan_Pearce,GB1,0,ciliated_protist_abundance,Maggie_Xenopoulos_&_Nolan_Pearce_GB1_0_ciliated_protist_abundance,TOTAL_cell_mL-1,0.08,
Ozersky,Green_Bay,0,ciliated_protist_abundance,Ozersky_Green_Bay_0_ciliated_protist_abundance,Cyclidium_spp_cell_mL-1,0,
Ozersky,Green_Bay,0,ciliated_protist_abundance,Ozersky_Green_Bay_0_ciliated_protist_abundance,Gymnodinium_helveticum_cell_mL-1,0.09,
Ozersky,Green_Bay,0,ciliated_protist_abundance,Ozersky_Green_Bay_0_ciliated_protist_abundance,Gymnodinium_Sp1_cell_mL-1,0,
Ozersky,Green_Bay,0,ciliated_protist_abundance,Ozersky_Green_Bay_0_ciliated_protist_abundance,Gymnodinium_varians_cell_mL-1,0.06,
Ozersky,Green_Bay,0,ciliated_protist_abundance,Ozersky_Green_Bay_0_ciliated_protist_abundance,Halteria_Sp1_cell_mL-1,0.01,
Ozersky,Green_Bay,0,ciliated_protist_abundance,Ozersky_Green_Bay_0_ciliated_protist_abundance,Mallomonas_pseudocoronata_cell_mL-1,0,
Ozersky,Green_Bay,0,ciliated_protist_abundance,Ozersky_Green_Bay_0_ciliated_protist_abundance,Mesodinium_Sp2_cell_mL-1,0,
Ozersky,Green_Bay,0,ciliated_protist_abundance,Ozersky_Green_Bay_0_ciliated_protist_abundance,Monodinium_Sp1_cell_mL-1,0,
Ozersky,Green_Bay,0,ciliated_protist_abundance,Ozersky_Green_Bay_0_ciliated_protist_abundance,Pelagohalteria_Sp1_cell_mL-1,0,
Ozersky,Green_Bay,0,ciliated_protist_abundance,Ozersky_Green_Bay_0_ciliated_protist_abundance,Peridinium_inconspicum_cell_mL-1,0,
Ozersky,Green_Bay,0,ciliated_protist_abundance,Ozersky_Green_Bay_0_ciliated_protist_abundance,Strombidum_Sp1_cell_mL-1,0.01,
Ozersky,Green_Bay,0,ciliated_protist_abundance,Ozersky_Green_Bay_0_ciliated_protist_abundance,Strobilidium_Sp1_cell_mL-1,0.02,
Ozersky,Green_Bay,0,ciliated_protist_abundance,Ozersky_Green_Bay_0_ciliated_protist_abundance,Titinnidium_spp_cell_mL-1,0,
Ozersky,Green_Bay,0,ciliated_protist_abundance,Ozersky_Green_Bay_0_ciliated_protist_abundance,Urotricha_farcta_cell_mL-1,0.04,
Ozersky,Green_Bay,0,ciliated_protist_abundance,Ozersky_Green_Bay_0_ciliated_protist_abundance,Urotricha_Sp2_cell_mL-1,0.01,
Ozersky,Green_Bay,0,ciliated_protist_abundance,Ozersky_Green_Bay_0_ciliated_protist_abundance,Vorticella_campanula_cell_mL-1,0,
Ozersky,Green_Bay,0,ciliated_protist_abundance,Ozersky_Green_Bay_0_ciliated_protist_abundance,TOTAL_cell_mL-1,0.22,
Vick-Majors,Keweenaw_Bay_KB,0,ciliated_protist_abundance,Vick-Majors_Keweenaw_Bay_KB_0_ciliated_protist_abundance,Cyclidium_spp_cell_mL-1,0,
Vick-Majors,Keweenaw_Bay_KB,0,ciliated_protist_abundance,Vick-Majors_Keweenaw_Bay_KB_0_ciliated_protist_abundance,Gymnodinium_helveticum_cell_mL-1,0.01,
Vick-Majors,Keweenaw_Bay_KB,0,ciliated_protist_abundance,Vick-Majors_Keweenaw_Bay_KB_0_ciliated_protist_abundance,Gymnodinium_Sp1_cell_mL-1,0,
Vick-Majors,Keweenaw_Bay_KB,0,ciliated_protist_abundance,Vick-Majors_Keweenaw_Bay_KB_0_ciliated_protist_abundance,Gymnodinium_varians_cell_mL-1,0.01,
Vick-Majors,Keweenaw_Bay_KB,0,ciliated_protist_abundance,Vick-Majors_Keweenaw_Bay_KB_0_ciliated_protist_abundance,Halteria_Sp1_cell_mL-1,0,
Vick-Majors,Keweenaw_Bay_KB,0,ciliated_protist_abundance,Vick-Majors_Keweenaw_Bay_KB_0_ciliated_protist_abundance,Mallomonas_pseudocoronata_cell_mL-1,0,
Vick-Majors,Keweenaw_Bay_KB,0,ciliated_protist_abundance,Vick-Majors_Keweenaw_Bay_KB_0_ciliated_protist_abundance,Mesodinium_Sp2_cell_mL-1,0,
Vick-Majors,Keweenaw_Bay_KB,0,ciliated_protist_abundance,Vick-Majors_Keweenaw_Bay_KB_0_ciliated_protist_abundance,Monodinium_Sp1_cell_mL-1,0,
Vick-Majors,Keweenaw_Bay_KB,0,ciliated_protist_abundance,Vick-Majors_Keweenaw_Bay_KB_0_ciliated_protist_abundance,Pelagohalteria_Sp1_cell_mL-1,0,
Vick-Majors,Keweenaw_Bay_KB,0,ciliated_protist_abundance,Vick-Majors_Keweenaw_Bay_KB_0_ciliated_protist_abundance,Peridinium_inconspicum_cell_mL-1,0,
Vick-Majors,Keweenaw_Bay_KB,0,ciliated_protist_abundance,Vick-Majors_Keweenaw_Bay_KB_0_ciliated_protist_abundance,Strombidum_Sp1_cell_mL-1,0,
Vick-Majors,Keweenaw_Bay_KB,0,ciliated_protist_abundance,Vick-Majors_Keweenaw_Bay_KB_0_ciliated_protist_abundance,Strobilidium_Sp1_cell_mL-1,0.01,
Vick-Majors,Keweenaw_Bay_KB,0,ciliated_protist_abundance,Vick-Majors_Keweenaw_Bay_KB_0_ciliated_protist_abundance,Titinnidium_spp_cell_mL-1,0,
Vick-Majors,Keweenaw_Bay_KB,0,ciliated_protist_abundance,Vick-Majors_Keweenaw_Bay_KB_0_ciliated_protist_abundance,Urotricha_farcta_cell_mL-1,0,
Vick-Majors,Keweenaw_Bay_KB,0,ciliated_protist_abundance,Vick-Majors_Keweenaw_Bay_KB_0_ciliated_protist_abundance,Urotricha_Sp2_cell_mL-1,0,
Vick-Majors,Keweenaw_Bay_KB,0,ciliated_protist_abundance,Vick-Majors_Keweenaw_Bay_KB_0_ciliated_protist_abundance,Vorticella_campanula_cell_mL-1,0,
Vick-Majors,Keweenaw_Bay_KB,0,ciliated_protist_abundance,Vick-Majors_Keweenaw_Bay_KB_0_ciliated_protist_abundance,TOTAL_cell_mL-1,0.02,
Vick-Majors,Keweenaw_Waterway_KW,0,ciliated_protist_abundance,Vick-Majors_Keweenaw_Waterway_KW_0_ciliated_protist_abundance,Cyclidium_spp_cell_mL-1,0,
Vick-Majors,Keweenaw_Waterway_KW,0,ciliated_protist_abundance,Vick-Majors_Keweenaw_Waterway_KW_0_ciliated_protist_abundance,Gymnodinium_helveticum_cell_mL-1,0,
Vick-Majors,Keweenaw_Waterway_KW,0,ciliated_protist_abundance,Vick-Majors_Keweenaw_Waterway_KW_0_ciliated_protist_abundance,Gymnodinium_Sp1_cell_mL-1,0,
Vick-Majors,Keweenaw_Waterway_KW,0,ciliated_protist_abundance,Vick-Majors_Keweenaw_Waterway_KW_0_ciliated_protist_abundance,Gymnodinium_varians_cell_mL-1,0.01,
Vick-Majors,Keweenaw_Waterway_KW,0,ciliated_protist_abundance,Vick-Majors_Keweenaw_Waterway_KW_0_ciliated_protist_abundance,Halteria_Sp1_cell_mL-1,0,
Vick-Majors,Keweenaw_Waterway_KW,0,ciliated_protist_abundance,Vick-Majors_Keweenaw_Waterway_KW_0_ciliated_protist_abundance,Mallomonas_pseudocoronata_cell_mL-1,0,
Vick-Majors,Keweenaw_Waterway_KW,0,ciliated_protist_abundance,Vick-Majors_Keweenaw_Waterway_KW_0_ciliated_protist_abundance,Mesodinium_Sp2_cell_mL-1,0,
Vick-Majors,Keweenaw_Waterway_KW,0,ciliated_protist_abundance,Vick-Majors_Keweenaw_Waterway_KW_0_ciliated_protist_abundance,Monodinium_Sp1_cell_mL-1,0,
Vick-Majors,Keweenaw_Waterway_KW,0,ciliated_protist_abundance,Vick-Majors_Keweenaw_Waterway_KW_0_ciliated_protist_abundance,Pelagohalteria_Sp1_cell_mL-1,0,
Vick-Majors,Keweenaw_Waterway_KW,0,ciliated_protist_abundance,Vick-Majors_Keweenaw_Waterway_KW_0_ciliated_protist_abundance,Peridinium_inconspicum_cell_mL-1,0,
Vick-Majors,Keweenaw_Waterway_KW,0,ciliated_protist_abundance,Vick-Majors_Keweenaw_Waterway_KW_0_ciliated_protist_abundance,Strombidum_Sp1_cell_mL-1,0,
Vick-Majors,Keweenaw_Waterway_KW,0,ciliated_protist_abundance,Vick-Majors_Keweenaw_Waterway_KW_0_ciliated_protist_abundance,Strobilidium_Sp1_cell_mL-1,0.01,
Vick-Majors,Keweenaw_Waterway_KW,0,ciliated_protist_abundance,Vick-Majors_Keweenaw_Waterway_KW_0_ciliated_protist_abundance,Titinnidium_spp_cell_mL-1,0,
Vick-Majors,Keweenaw_Waterway_KW,0,ciliated_protist_abundance,Vick-Majors_Keweenaw_Waterway_KW_0_ciliated_protist_abundance,Urotricha_farcta_cell_mL-1,0,
Vick-Majors,Keweenaw_Waterway_KW,0,ciliated_protist_abundance,Vick-Majors_Keweenaw_Waterway_KW_0_ciliated_protist_abundance,Urotricha_Sp2_cell_mL-1,0,
Vick-Majors,Keweenaw_Waterway_KW,0,ciliated_protist_abundance,Vick-Majors_Keweenaw_Waterway_KW_0_ciliated_protist_abundance,Vorticella_campanula_cell_mL-1,0,
Vick-Majors,Keweenaw_Waterway_KW,0,ciliated_protist_abundance,Vick-Majors_Keweenaw_Waterway_KW_0_ciliated_protist_abundance,TOTAL_cell_mL-1,0.02,
Bramburger,Ontario_-_St._Catharines,1,ciliated_protist_abundance,Bramburger_Ontario_-_St._Catharines_1_ciliated_protist_abundance,Cyclidium_spp_cell_mL-1,0.01,
Bramburger,Ontario_-_St._Catharines,1,ciliated_protist_abundance,Bramburger_Ontario_-_St._Catharines_1_ciliated_protist_abundance,Gymnodinium_helveticum_cell_mL-1,0,
Bramburger,Ontario_-_St._Catharines,1,ciliated_protist_abundance,Bramburger_Ontario_-_St._Catharines_1_ciliated_protist_abundance,Gymnodinium_Sp1_cell_mL-1,0,
Bramburger,Ontario_-_St._Catharines,1,ciliated_protist_abundance,Bramburger_Ontario_-_St._Catharines_1_ciliated_protist_abundance,Gymnodinium_varians_cell_mL-1,0,
Bramburger,Ontario_-_St._Catharines,1,ciliated_protist_abundance,Bramburger_Ontario_-_St._Catharines_1_ciliated_protist_abundance,Halteria_Sp1_cell_mL-1,0,
Bramburger,Ontario_-_St._Catharines,1,ciliated_protist_abundance,Bramburger_Ontario_-_St._Catharines_1_ciliated_protist_abundance,Mallomonas_pseudocoronata_cell_mL-1,0,
Bramburger,Ontario_-_St._Catharines,1,ciliated_protist_abundance,Bramburger_Ontario_-_St._Catharines_1_ciliated_protist_abundance,Mesodinium_Sp2_cell_mL-1,0,
Bramburger,Ontario_-_St._Catharines,1,ciliated_protist_abundance,Bramburger_Ontario_-_St._Catharines_1_ciliated_protist_abundance,Monodinium_Sp1_cell_mL-1,0,
Bramburger,Ontario_-_St._Catharines,1,ciliated_protist_abundance,Bramburger_Ontario_-_St._Catharines_1_ciliated_protist_abundance,Pelagohalteria_Sp1_cell_mL-1,0,
Bramburger,Ontario_-_St._Catharines,1,ciliated_protist_abundance,Bramburger_Ontario_-_St._Catharines_1_ciliated_protist_abundance,Peridinium_inconspicum_cell_mL-1,0.01,
Bramburger,Ontario_-_St._Catharines,1,ciliated_protist_abundance,Bramburger_Ontario_-_St._Catharines_1_ciliated_protist_abundance,Strombidum_Sp1_cell_mL-1,0,
Bramburger,Ontario_-_St._Catharines,1,ciliated_protist_abundance,Bramburger_Ontario_-_St._Catharines_1_ciliated_protist_abundance,Strobilidium_Sp1_cell_mL-1,0.01,
Bramburger,Ontario_-_St._Catharines,1,ciliated_protist_abundance,Bramburger_Ontario_-_St._Catharines_1_ciliated_protist_abundance,Titinnidium_spp_cell_mL-1,0,
Bramburger,Ontario_-_St._Catharines,1,ciliated_protist_abundance,Bramburger_Ontario_-_St._Catharines_1_ciliated_protist_abundance,Urotricha_farcta_cell_mL-1,0.02,
Bramburger,Ontario_-_St._Catharines,1,ciliated_protist_abundance,Bramburger_Ontario_-_St._Catharines_1_ciliated_protist_abundance,Urotricha_Sp2_cell_mL-1,0,
Bramburger,Ontario_-_St._Catharines,1,ciliated_protist_abundance,Bramburger_Ontario_-_St._Catharines_1_ciliated_protist_abundance,Vorticella_campanula_cell_mL-1,0,
Bramburger,Ontario_-_St._Catharines,1,ciliated_protist_abundance,Bramburger_Ontario_-_St._Catharines_1_ciliated_protist_abundance,TOTAL_cell_mL-1,0.05,
McGregor_Twiss,LC_Little_Current,0,ciliated_protist_abundance,McGregor_Twiss_LC_Little_Current_0_ciliated_protist_abundance,Cyclidium_spp_cell_mL-1,0,
McGregor_Twiss,LC_Little_Current,0,ciliated_protist_abundance,McGregor_Twiss_LC_Little_Current_0_ciliated_protist_abundance,Gymnodinium_helveticum_cell_mL-1,0,
McGregor_Twiss,LC_Little_Current,0,ciliated_protist_abundance,McGregor_Twiss_LC_Little_Current_0_ciliated_protist_abundance,Gymnodinium_Sp1_cell_mL-1,0,
McGregor_Twiss,LC_Little_Current,0,ciliated_protist_abundance,McGregor_Twiss_LC_Little_Current_0_ciliated_protist_abundance,Gymnodinium_varians_cell_mL-1,0.01,
McGregor_Twiss,LC_Little_Current,0,ciliated_protist_abundance,McGregor_Twiss_LC_Little_Current_0_ciliated_protist_abundance,Halteria_Sp1_cell_mL-1,0,
McGregor_Twiss,LC_Little_Current,0,ciliated_protist_abundance,McGregor_Twiss_LC_Little_Current_0_ciliated_protist_abundance,Mallomonas_pseudocoronata_cell_mL-1,0,
McGregor_Twiss,LC_Little_Current,0,ciliated_protist_abundance,McGregor_Twiss_LC_Little_Current_0_ciliated_protist_abundance,Mesodinium_Sp2_cell_mL-1,0,
McGregor_Twiss,LC_Little_Current,0,ciliated_protist_abundance,McGregor_Twiss_LC_Little_Current_0_ciliated_protist_abundance,Monodinium_Sp1_cell_mL-1,0,
McGregor_Twiss,LC_Little_Current,0,ciliated_protist_abundance,McGregor_Twiss_LC_Little_Current_0_ciliated_protist_abundance,Pelagohalteria_Sp1_cell_mL-1,0,
McGregor_Twiss,LC_Little_Current,0,ciliated_protist_abundance,McGregor_Twiss_LC_Little_Current_0_ciliated_protist_abundance,Peridinium_inconspicum_cell_mL-1,0,
McGregor_Twiss,LC_Little_Current,0,ciliated_protist_abundance,McGregor_Twiss_LC_Little_Current_0_ciliated_protist_abundance,Strombidum_Sp1_cell_mL-1,0,
McGregor_Twiss,LC_Little_Current,0,ciliated_protist_abundance,McGregor_Twiss_LC_Little_Current_0_ciliated_protist_abundance,Strobilidium_Sp1_cell_mL-1,0,
McGregor_Twiss,LC_Little_Current,0,ciliated_protist_abundance,McGregor_Twiss_LC_Little_Current_0_ciliated_protist_abundance,Titinnidium_spp_cell_mL-1,0,
McGregor_Twiss,LC_Little_Current,0,ciliated_protist_abundance,McGregor_Twiss_LC_Little_Current_0_ciliated_protist_abundance,Urotricha_farcta_cell_mL-1,0,
McGregor_Twiss,LC_Little_Current,0,ciliated_protist_abundance,McGregor_Twiss_LC_Little_Current_0_ciliated_protist_abundance,Urotricha_Sp2_cell_mL-1,0,
McGregor_Twiss,LC_Little_Current,0,ciliated_protist_abundance,McGregor_Twiss_LC_Little_Current_0_ciliated_protist_abundance,Vorticella_campanula_cell_mL-1,0,
McGregor_Twiss,LC_Little_Current,0,ciliated_protist_abundance,McGregor_Twiss_LC_Little_Current_0_ciliated_protist_abundance,TOTAL_cell_mL-1,0.01,
Eveleth,Lorain,0.2,ciliated_protist_abundance,Eveleth_Lorain_0.2_ciliated_protist_abundance,Cyclidium_spp_cell_mL-1,0,
Eveleth,Lorain,0.2,ciliated_protist_abundance,Eveleth_Lorain_0.2_ciliated_protist_abundance,Gymnodinium_helveticum_cell_mL-1,0,
Eveleth,Lorain,0.2,ciliated_protist_abundance,Eveleth_Lorain_0.2_ciliated_protist_abundance,Gymnodinium_Sp1_cell_mL-1,0,
Eveleth,Lorain,0.2,ciliated_protist_abundance,Eveleth_Lorain_0.2_ciliated_protist_abundance,Gymnodinium_varians_cell_mL-1,0.01,
Eveleth,Lorain,0.2,ciliated_protist_abundance,Eveleth_Lorain_0.2_ciliated_protist_abundance,Halteria_Sp1_cell_mL-1,0,
Eveleth,Lorain,0.2,ciliated_protist_abundance,Eveleth_Lorain_0.2_ciliated_protist_abundance,Mallomonas_pseudocoronata_cell_mL-1,0,
Eveleth,Lorain,0.2,ciliated_protist_abundance,Eveleth_Lorain_0.2_ciliated_protist_abundance,Mesodinium_Sp2_cell_mL-1,0,
Eveleth,Lorain,0.2,ciliated_protist_abundance,Eveleth_Lorain_0.2_ciliated_protist_abundance,Monodinium_Sp1_cell_mL-1,0,
Eveleth,Lorain,0.2,ciliated_protist_abundance,Eveleth_Lorain_0.2_ciliated_protist_abundance,Pelagohalteria_Sp1_cell_mL-1,0,
Eveleth,Lorain,0.2,ciliated_protist_abundance,Eveleth_Lorain_0.2_ciliated_protist_abundance,Peridinium_inconspicum_cell_mL-1,0.01,
Eveleth,Lorain,0.2,ciliated_protist_abundance,Eveleth_Lorain_0.2_ciliated_protist_abundance,Strombidum_Sp1_cell_mL-1,0,
Eveleth,Lorain,0.2,ciliated_protist_abundance,Eveleth_Lorain_0.2_ciliated_protist_abundance,Strobilidium_Sp1_cell_mL-1,0,
Eveleth,Lorain,0.2,ciliated_protist_abundance,Eveleth_Lorain_0.2_ciliated_protist_abundance,Titinnidium_spp_cell_mL-1,0,
Eveleth,Lorain,0.2,ciliated_protist_abundance,Eveleth_Lorain_0.2_ciliated_protist_abundance,Urotricha_farcta_cell_mL-1,0.01,
Eveleth,Lorain,0.2,ciliated_protist_abundance,Eveleth_Lorain_0.2_ciliated_protist_abundance,Urotricha_Sp2_cell_mL-1,0,
Eveleth,Lorain,0.2,ciliated_protist_abundance,Eveleth_Lorain_0.2_ciliated_protist_abundance,Vorticella_campanula_cell_mL-1,0,
Eveleth,Lorain,0.2,ciliated_protist_abundance,Eveleth_Lorain_0.2_ciliated_protist_abundance,TOTAL_cell_mL-1,0.02,
Uzarski,Pinconning_Park_Saginaw_Bay,0.5,ciliated_protist_abundance,Uzarski_Pinconning_Park_Saginaw_Bay_0.5_ciliated_protist_abundance,Cyclidium_spp_cell_mL-1,0.01,
Uzarski,Pinconning_Park_Saginaw_Bay,0.5,ciliated_protist_abundance,Uzarski_Pinconning_Park_Saginaw_Bay_0.5_ciliated_protist_abundance,Gymnodinium_helveticum_cell_mL-1,0,
Uzarski,Pinconning_Park_Saginaw_Bay,0.5,ciliated_protist_abundance,Uzarski_Pinconning_Park_Saginaw_Bay_0.5_ciliated_protist_abundance,Gymnodinium_Sp1_cell_mL-1,0,
Uzarski,Pinconning_Park_Saginaw_Bay,0.5,ciliated_protist_abundance,Uzarski_Pinconning_Park_Saginaw_Bay_0.5_ciliated_protist_abundance,Gymnodinium_varians_cell_mL-1,0.01,
Uzarski,Pinconning_Park_Saginaw_Bay,0.5,ciliated_protist_abundance,Uzarski_Pinconning_Park_Saginaw_Bay_0.5_ciliated_protist_abundance,Halteria_Sp1_cell_mL-1,0.01,
Uzarski,Pinconning_Park_Saginaw_Bay,0.5,ciliated_protist_abundance,Uzarski_Pinconning_Park_Saginaw_Bay_0.5_ciliated_protist_abundance,Mallomonas_pseudocoronata_cell_mL-1,0,
Uzarski,Pinconning_Park_Saginaw_Bay,0.5,ciliated_protist_abundance,Uzarski_Pinconning_Park_Saginaw_Bay_0.5_ciliated_protist_abundance,Mesodinium_Sp2_cell_mL-1,0,
Uzarski,Pinconning_Park_Saginaw_Bay,0.5,ciliated_protist_abundance,Uzarski_Pinconning_Park_Saginaw_Bay_0.5_ciliated_protist_abundance,Monodinium_Sp1_cell_mL-1,0,
Uzarski,Pinconning_Park_Saginaw_Bay,0.5,ciliated_protist_abundance,Uzarski_Pinconning_Park_Saginaw_Bay_0.5_ciliated_protist_abundance,Pelagohalteria_Sp1_cell_mL-1,0,
Uzarski,Pinconning_Park_Saginaw_Bay,0.5,ciliated_protist_abundance,Uzarski_Pinconning_Park_Saginaw_Bay_0.5_ciliated_protist_abundance,Peridinium_inconspicum_cell_mL-1,0.01,
Uzarski,Pinconning_Park_Saginaw_Bay,0.5,ciliated_protist_abundance,Uzarski_Pinconning_Park_Saginaw_Bay_0.5_ciliated_protist_abundance,Strombidum_Sp1_cell_mL-1,0.02,
Uzarski,Pinconning_Park_Saginaw_Bay,0.5,ciliated_protist_abundance,Uzarski_Pinconning_Park_Saginaw_Bay_0.5_ciliated_protist_abundance,Strobilidium_Sp1_cell_mL-1,0.01,
Uzarski,Pinconning_Park_Saginaw_Bay,0.5,ciliated_protist_abundance,Uzarski_Pinconning_Park_Saginaw_Bay_0.5_ciliated_protist_abundance,Titinnidium_spp_cell_mL-1,0,
Uzarski,Pinconning_Park_Saginaw_Bay,0.5,ciliated_protist_abundance,Uzarski_Pinconning_Park_Saginaw_Bay_0.5_ciliated_protist_abundance,Urotricha_farcta_cell_mL-1,0.03,
Uzarski,Pinconning_Park_Saginaw_Bay,0.5,ciliated_protist_abundance,Uzarski_Pinconning_Park_Saginaw_Bay_0.5_ciliated_protist_abundance,Urotricha_Sp2_cell_mL-1,0,
Uzarski,Pinconning_Park_Saginaw_Bay,0.5,ciliated_protist_abundance,Uzarski_Pinconning_Park_Saginaw_Bay_0.5_ciliated_protist_abundance,Vorticella_campanula_cell_mL-1,0,
Uzarski,Pinconning_Park_Saginaw_Bay,0.5,ciliated_protist_abundance,Uzarski_Pinconning_Park_Saginaw_Bay_0.5_ciliated_protist_abundance,TOTAL_cell_mL-1,0.11,
Depew,Parry_Sound_Georgian_Bay,0,ciliated_protist_abundance,Depew_Parry_Sound_Georgian_Bay_0_ciliated_protist_abundance,Cyclidium_spp_cell_mL-1,0,
Depew,Parry_Sound_Georgian_Bay,0,ciliated_protist_abundance,Depew_Parry_Sound_Georgian_Bay_0_ciliated_protist_abundance,Gymnodinium_helveticum_cell_mL-1,0.02,
Depew,Parry_Sound_Georgian_Bay,0,ciliated_protist_abundance,Depew_Parry_Sound_Georgian_Bay_0_ciliated_protist_abundance,Gymnodinium_Sp1_cell_mL-1,0,
Depew,Parry_Sound_Georgian_Bay,0,ciliated_protist_abundance,Depew_Parry_Sound_Georgian_Bay_0_ciliated_protist_abundance,Gymnodinium_varians_cell_mL-1,0.03,
Depew,Parry_Sound_Georgian_Bay,0,ciliated_protist_abundance,Depew_Parry_Sound_Georgian_Bay_0_ciliated_protist_abundance,Halteria_Sp1_cell_mL-1,0,
Depew,Parry_Sound_Georgian_Bay,0,ciliated_protist_abundance,Depew_Parry_Sound_Georgian_Bay_0_ciliated_protist_abundance,Mallomonas_pseudocoronata_cell_mL-1,0,
Depew,Parry_Sound_Georgian_Bay,0,ciliated_protist_abundance,Depew_Parry_Sound_Georgian_Bay_0_ciliated_protist_abundance,Mesodinium_Sp2_cell_mL-1,0,
Depew,Parry_Sound_Georgian_Bay,0,ciliated_protist_abundance,Depew_Parry_Sound_Georgian_Bay_0_ciliated_protist_abundance,Monodinium_Sp1_cell_mL-1,0,
Depew,Parry_Sound_Georgian_Bay,0,ciliated_protist_abundance,Depew_Parry_Sound_Georgian_Bay_0_ciliated_protist_abundance,Pelagohalteria_Sp1_cell_mL-1,0,
Depew,Parry_Sound_Georgian_Bay,0,ciliated_protist_abundance,Depew_Parry_Sound_Georgian_Bay_0_ciliated_protist_abundance,Peridinium_inconspicum_cell_mL-1,0,
Depew,Parry_Sound_Georgian_Bay,0,ciliated_protist_abundance,Depew_Parry_Sound_Georgian_Bay_0_ciliated_protist_abundance,Strombidum_Sp1_cell_mL-1,0,
Depew,Parry_Sound_Georgian_Bay,0,ciliated_protist_abundance,Depew_Parry_Sound_Georgian_Bay_0_ciliated_protist_abundance,Strobilidium_Sp1_cell_mL-1,0.01,
Depew,Parry_Sound_Georgian_Bay,0,ciliated_protist_abundance,Depew_Parry_Sound_Georgian_Bay_0_ciliated_protist_abundance,Titinnidium_spp_cell_mL-1,0.01,
Depew,Parry_Sound_Georgian_Bay,0,ciliated_protist_abundance,Depew_Parry_Sound_Georgian_Bay_0_ciliated_protist_abundance,Urotricha_farcta_cell_mL-1,0.03,
Depew,Parry_Sound_Georgian_Bay,0,ciliated_protist_abundance,Depew_Parry_Sound_Georgian_Bay_0_ciliated_protist_abundance,Urotricha_Sp2_cell_mL-1,0,
Depew,Parry_Sound_Georgian_Bay,0,ciliated_protist_abundance,Depew_Parry_Sound_Georgian_Bay_0_ciliated_protist_abundance,Vorticella_campanula_cell_mL-1,0,
Depew,Parry_Sound_Georgian_Bay,0,ciliated_protist_abundance,Depew_Parry_Sound_Georgian_Bay_0_ciliated_protist_abundance,TOTAL_cell_mL-1,0.1,
McGregor_Twiss,RD_Bay_of_Islands_Whitefish_Falls,0,ciliated_protist_abundance,McGregor_Twiss_RD_Bay_of_Islands_Whitefish_Falls_0_ciliated_protist_abundance,Cyclidium_spp_cell_mL-1,0,
McGregor_Twiss,RD_Bay_of_Islands_Whitefish_Falls,0,ciliated_protist_abundance,McGregor_Twiss_RD_Bay_of_Islands_Whitefish_Falls_0_ciliated_protist_abundance,Gymnodinium_helveticum_cell_mL-1,0.01,
McGregor_Twiss,RD_Bay_of_Islands_Whitefish_Falls,0,ciliated_protist_abundance,McGregor_Twiss_RD_Bay_of_Islands_Whitefish_Falls_0_ciliated_protist_abundance,Gymnodinium_Sp1_cell_mL-1,0,
McGregor_Twiss,RD_Bay_of_Islands_Whitefish_Falls,0,ciliated_protist_abundance,McGregor_Twiss_RD_Bay_of_Islands_Whitefish_Falls_0_ciliated_protist_abundance,Gymnodinium_varians_cell_mL-1,0.01,
McGregor_Twiss,RD_Bay_of_Islands_Whitefish_Falls,0,ciliated_protist_abundance,McGregor_Twiss_RD_Bay_of_Islands_Whitefish_Falls_0_ciliated_protist_abundance,Halteria_Sp1_cell_mL-1,0,
McGregor_Twiss,RD_Bay_of_Islands_Whitefish_Falls,0,ciliated_protist_abundance,McGregor_Twiss_RD_Bay_of_Islands_Whitefish_Falls_0_ciliated_protist_abundance,Mallomonas_pseudocoronata_cell_mL-1,0,
McGregor_Twiss,RD_Bay_of_Islands_Whitefish_Falls,0,ciliated_protist_abundance,McGregor_Twiss_RD_Bay_of_Islands_Whitefish_Falls_0_ciliated_protist_abundance,Mesodinium_Sp2_cell_mL-1,0,
McGregor_Twiss,RD_Bay_of_Islands_Whitefish_Falls,0,ciliated_protist_abundance,McGregor_Twiss_RD_Bay_of_Islands_Whitefish_Falls_0_ciliated_protist_abundance,Monodinium_Sp1_cell_mL-1,0,
McGregor_Twiss,RD_Bay_of_Islands_Whitefish_Falls,0,ciliated_protist_abundance,McGregor_Twiss_RD_Bay_of_Islands_Whitefish_Falls_0_ciliated_protist_abundance,Pelagohalteria_Sp1_cell_mL-1,0,
McGregor_Twiss,RD_Bay_of_Islands_Whitefish_Falls,0,ciliated_protist_abundance,McGregor_Twiss_RD_Bay_of_Islands_Whitefish_Falls_0_ciliated_protist_abundance,Peridinium_inconspicum_cell_mL-1,0,
McGregor_Twiss,RD_Bay_of_Islands_Whitefish_Falls,0,ciliated_protist_abundance,McGregor_Twiss_RD_Bay_of_Islands_Whitefish_Falls_0_ciliated_protist_abundance,Strombidum_Sp1_cell_mL-1,0,
McGregor_Twiss,RD_Bay_of_Islands_Whitefish_Falls,0,ciliated_protist_abundance,McGregor_Twiss_RD_Bay_of_Islands_Whitefish_Falls_0_ciliated_protist_abundance,Strobilidium_Sp1_cell_mL-1,0.01,
McGregor_Twiss,RD_Bay_of_Islands_Whitefish_Falls,0,ciliated_protist_abundance,McGregor_Twiss_RD_Bay_of_Islands_Whitefish_Falls_0_ciliated_protist_abundance,Titinnidium_spp_cell_mL-1,0,
McGregor_Twiss,RD_Bay_of_Islands_Whitefish_Falls,0,ciliated_protist_abundance,McGregor_Twiss_RD_Bay_of_Islands_Whitefish_Falls_0_ciliated_protist_abundance,Urotricha_farcta_cell_mL-1,0.03,
McGregor_Twiss,RD_Bay_of_Islands_Whitefish_Falls,0,ciliated_protist_abundance,McGregor_Twiss_RD_Bay_of_Islands_Whitefish_Falls_0_ciliated_protist_abundance,Urotricha_Sp2_cell_mL-1,0,
McGregor_Twiss,RD_Bay_of_Islands_Whitefish_Falls,0,ciliated_protist_abundance,McGregor_Twiss_RD_Bay_of_Islands_Whitefish_Falls_0_ciliated_protist_abundance,Vorticella_campanula_cell_mL-1,0,
McGregor_Twiss,RD_Bay_of_Islands_Whitefish_Falls,0,ciliated_protist_abundance,McGregor_Twiss_RD_Bay_of_Islands_Whitefish_Falls_0_ciliated_protist_abundance,TOTAL_cell_mL-1,0.07,
Zastepa,RW_Ridgeway_Abino_Bay,1,ciliated_protist_abundance,Zastepa_RW_Ridgeway_Abino_Bay_1_ciliated_protist_abundance,Cyclidium_spp_cell_mL-1,0,
Zastepa,RW_Ridgeway_Abino_Bay,1,ciliated_protist_abundance,Zastepa_RW_Ridgeway_Abino_Bay_1_ciliated_protist_abundance,Gymnodinium_helveticum_cell_mL-1,0.01,
Zastepa,RW_Ridgeway_Abino_Bay,1,ciliated_protist_abundance,Zastepa_RW_Ridgeway_Abino_Bay_1_ciliated_protist_abundance,Gymnodinium_Sp1_cell_mL-1,0,
Zastepa,RW_Ridgeway_Abino_Bay,1,ciliated_protist_abundance,Zastepa_RW_Ridgeway_Abino_Bay_1_ciliated_protist_abundance,Gymnodinium_varians_cell_mL-1,0.01,
Zastepa,RW_Ridgeway_Abino_Bay,1,ciliated_protist_abundance,Zastepa_RW_Ridgeway_Abino_Bay_1_ciliated_protist_abundance,Halteria_Sp1_cell_mL-1,0,
Zastepa,RW_Ridgeway_Abino_Bay,1,ciliated_protist_abundance,Zastepa_RW_Ridgeway_Abino_Bay_1_ciliated_protist_abundance,Mallomonas_pseudocoronata_cell_mL-1,0,
Zastepa,RW_Ridgeway_Abino_Bay,1,ciliated_protist_abundance,Zastepa_RW_Ridgeway_Abino_Bay_1_ciliated_protist_abundance,Mesodinium_Sp2_cell_mL-1,0,
Zastepa,RW_Ridgeway_Abino_Bay,1,ciliated_protist_abundance,Zastepa_RW_Ridgeway_Abino_Bay_1_ciliated_protist_abundance,Monodinium_Sp1_cell_mL-1,0,
Zastepa,RW_Ridgeway_Abino_Bay,1,ciliated_protist_abundance,Zastepa_RW_Ridgeway_Abino_Bay_1_ciliated_protist_abundance,Pelagohalteria_Sp1_cell_mL-1,0,
Zastepa,RW_Ridgeway_Abino_Bay,1,ciliated_protist_abundance,Zastepa_RW_Ridgeway_Abino_Bay_1_ciliated_protist_abundance,Peridinium_inconspicum_cell_mL-1,0.01,
Zastepa,RW_Ridgeway_Abino_Bay,1,ciliated_protist_abundance,Zastepa_RW_Ridgeway_Abino_Bay_1_ciliated_protist_abundance,Strombidum_Sp1_cell_mL-1,0,
Zastepa,RW_Ridgeway_Abino_Bay,1,ciliated_protist_abundance,Zastepa_RW_Ridgeway_Abino_Bay_1_ciliated_protist_abundance,Strobilidium_Sp1_cell_mL-1,0,
Zastepa,RW_Ridgeway_Abino_Bay,1,ciliated_protist_abundance,Zastepa_RW_Ridgeway_Abino_Bay_1_ciliated_protist_abundance,Titinnidium_spp_cell_mL-1,0,
Zastepa,RW_Ridgeway_Abino_Bay,1,ciliated_protist_abundance,Zastepa_RW_Ridgeway_Abino_Bay_1_ciliated_protist_abundance,Urotricha_farcta_cell_mL-1,0.01,
Zastepa,RW_Ridgeway_Abino_Bay,1,ciliated_protist_abundance,Zastepa_RW_Ridgeway_Abino_Bay_1_ciliated_protist_abundance,Urotricha_Sp2_cell_mL-1,0,
Zastepa,RW_Ridgeway_Abino_Bay,1,ciliated_protist_abundance,Zastepa_RW_Ridgeway_Abino_Bay_1_ciliated_protist_abundance,Vorticella_campanula_cell_mL-1,0,
Zastepa,RW_Ridgeway_Abino_Bay,1,ciliated_protist_abundance,Zastepa_RW_Ridgeway_Abino_Bay_1_ciliated_protist_abundance,TOTAL_cell_mL-1,0.05,
Godwin,SB14,0,ciliated_protist_abundance,Godwin_SB14_0_ciliated_protist_abundance,Cyclidium_spp_cell_mL-1,0,
Godwin,SB14,0,ciliated_protist_abundance,Godwin_SB14_0_ciliated_protist_abundance,Gymnodinium_helveticum_cell_mL-1,0.01,
Godwin,SB14,0,ciliated_protist_abundance,Godwin_SB14_0_ciliated_protist_abundance,Gymnodinium_Sp1_cell_mL-1,0,
Godwin,SB14,0,ciliated_protist_abundance,Godwin_SB14_0_ciliated_protist_abundance,Gymnodinium_varians_cell_mL-1,0.03,
Godwin,SB14,0,ciliated_protist_abundance,Godwin_SB14_0_ciliated_protist_abundance,Halteria_Sp1_cell_mL-1,0,
Godwin,SB14,0,ciliated_protist_abundance,Godwin_SB14_0_ciliated_protist_abundance,Mallomonas_pseudocoronata_cell_mL-1,0,
Godwin,SB14,0,ciliated_protist_abundance,Godwin_SB14_0_ciliated_protist_abundance,Mesodinium_Sp2_cell_mL-1,0.01,
Godwin,SB14,0,ciliated_protist_abundance,Godwin_SB14_0_ciliated_protist_abundance,Monodinium_Sp1_cell_mL-1,0.02,
Godwin,SB14,0,ciliated_protist_abundance,Godwin_SB14_0_ciliated_protist_abundance,Pelagohalteria_Sp1_cell_mL-1,0,
Godwin,SB14,0,ciliated_protist_abundance,Godwin_SB14_0_ciliated_protist_abundance,Peridinium_inconspicum_cell_mL-1,0.02,
Godwin,SB14,0,ciliated_protist_abundance,Godwin_SB14_0_ciliated_protist_abundance,Strombidum_Sp1_cell_mL-1,0,
Godwin,SB14,0,ciliated_protist_abundance,Godwin_SB14_0_ciliated_protist_abundance,Strobilidium_Sp1_cell_mL-1,0.01,
Godwin,SB14,0,ciliated_protist_abundance,Godwin_SB14_0_ciliated_protist_abundance,Titinnidium_spp_cell_mL-1,0,
Godwin,SB14,0,ciliated_protist_abundance,Godwin_SB14_0_ciliated_protist_abundance,Urotricha_farcta_cell_mL-1,0.05,
Godwin,SB14,0,ciliated_protist_abundance,Godwin_SB14_0_ciliated_protist_abundance,Urotricha_Sp2_cell_mL-1,0,
Godwin,SB14,0,ciliated_protist_abundance,Godwin_SB14_0_ciliated_protist_abundance,Vorticella_campanula_cell_mL-1,0,
Godwin,SB14,0,ciliated_protist_abundance,Godwin_SB14_0_ciliated_protist_abundance,TOTAL_cell_mL-1,0.15,
Godwin,SB1,1,ciliated_protist_abundance,Godwin_SB1_1_ciliated_protist_abundance,Cyclidium_spp_cell_mL-1,0,
Godwin,SB1,1,ciliated_protist_abundance,Godwin_SB1_1_ciliated_protist_abundance,Gymnodinium_helveticum_cell_mL-1,0,
Godwin,SB1,1,ciliated_protist_abundance,Godwin_SB1_1_ciliated_protist_abundance,Gymnodinium_Sp1_cell_mL-1,0,
Godwin,SB1,1,ciliated_protist_abundance,Godwin_SB1_1_ciliated_protist_abundance,Gymnodinium_varians_cell_mL-1,0,
Godwin,SB1,1,ciliated_protist_abundance,Godwin_SB1_1_ciliated_protist_abundance,Halteria_Sp1_cell_mL-1,0,
Godwin,SB1,1,ciliated_protist_abundance,Godwin_SB1_1_ciliated_protist_abundance,Mallomonas_pseudocoronata_cell_mL-1,0,
Godwin,SB1,1,ciliated_protist_abundance,Godwin_SB1_1_ciliated_protist_abundance,Mesodinium_Sp2_cell_mL-1,0,
Godwin,SB1,1,ciliated_protist_abundance,Godwin_SB1_1_ciliated_protist_abundance,Monodinium_Sp1_cell_mL-1,0,
Godwin,SB1,1,ciliated_protist_abundance,Godwin_SB1_1_ciliated_protist_abundance,Pelagohalteria_Sp1_cell_mL-1,0,
Godwin,SB1,1,ciliated_protist_abundance,Godwin_SB1_1_ciliated_protist_abundance,Peridinium_inconspicum_cell_mL-1,0,
Godwin,SB1,1,ciliated_protist_abundance,Godwin_SB1_1_ciliated_protist_abundance,Strombidum_Sp1_cell_mL-1,0,
Godwin,SB1,1,ciliated_protist_abundance,Godwin_SB1_1_ciliated_protist_abundance,Strobilidium_Sp1_cell_mL-1,0.01,
Godwin,SB1,1,ciliated_protist_abundance,Godwin_SB1_1_ciliated_protist_abundance,Titinnidium_spp_cell_mL-1,0,
Godwin,SB1,1,ciliated_protist_abundance,Godwin_SB1_1_ciliated_protist_abundance,Urotricha_farcta_cell_mL-1,0.06,
Godwin,SB1,1,ciliated_protist_abundance,Godwin_SB1_1_ciliated_protist_abundance,Urotricha_Sp2_cell_mL-1,0,
Godwin,SB1,1,ciliated_protist_abundance,Godwin_SB1_1_ciliated_protist_abundance,Vorticella_campanula_cell_mL-1,0,
Godwin,SB1,1,ciliated_protist_abundance,Godwin_SB1_1_ciliated_protist_abundance,TOTAL_cell_mL-1,0.07,
Rennie,Silver_Harbour_Thunder_Bay,10,ciliated_protist_abundance,Rennie_Silver_Harbour_Thunder_Bay_10_ciliated_protist_abundance,Cyclidium_spp_cell_mL-1,0,
Rennie,Silver_Harbour_Thunder_Bay,10,ciliated_protist_abundance,Rennie_Silver_Harbour_Thunder_Bay_10_ciliated_protist_abundance,Gymnodinium_helveticum_cell_mL-1,0,
Rennie,Silver_Harbour_Thunder_Bay,10,ciliated_protist_abundance,Rennie_Silver_Harbour_Thunder_Bay_10_ciliated_protist_abundance,Gymnodinium_Sp1_cell_mL-1,0,
Rennie,Silver_Harbour_Thunder_Bay,10,ciliated_protist_abundance,Rennie_Silver_Harbour_Thunder_Bay_10_ciliated_protist_abundance,Gymnodinium_varians_cell_mL-1,0,
Rennie,Silver_Harbour_Thunder_Bay,10,ciliated_protist_abundance,Rennie_Silver_Harbour_Thunder_Bay_10_ciliated_protist_abundance,Halteria_Sp1_cell_mL-1,0,
Rennie,Silver_Harbour_Thunder_Bay,10,ciliated_protist_abundance,Rennie_Silver_Harbour_Thunder_Bay_10_ciliated_protist_abundance,Mallomonas_pseudocoronata_cell_mL-1,0,
Rennie,Silver_Harbour_Thunder_Bay,10,ciliated_protist_abundance,Rennie_Silver_Harbour_Thunder_Bay_10_ciliated_protist_abundance,Mesodinium_Sp2_cell_mL-1,0,
Rennie,Silver_Harbour_Thunder_Bay,10,ciliated_protist_abundance,Rennie_Silver_Harbour_Thunder_Bay_10_ciliated_protist_abundance,Monodinium_Sp1_cell_mL-1,0,
Rennie,Silver_Harbour_Thunder_Bay,10,ciliated_protist_abundance,Rennie_Silver_Harbour_Thunder_Bay_10_ciliated_protist_abundance,Pelagohalteria_Sp1_cell_mL-1,0,
Rennie,Silver_Harbour_Thunder_Bay,10,ciliated_protist_abundance,Rennie_Silver_Harbour_Thunder_Bay_10_ciliated_protist_abundance,Peridinium_inconspicum_cell_mL-1,0,
Rennie,Silver_Harbour_Thunder_Bay,10,ciliated_protist_abundance,Rennie_Silver_Harbour_Thunder_Bay_10_ciliated_protist_abundance,Strombidum_Sp1_cell_mL-1,0,
Rennie,Silver_Harbour_Thunder_Bay,10,ciliated_protist_abundance,Rennie_Silver_Harbour_Thunder_Bay_10_ciliated_protist_abundance,Strobilidium_Sp1_cell_mL-1,0,
Rennie,Silver_Harbour_Thunder_Bay,10,ciliated_protist_abundance,Rennie_Silver_Harbour_Thunder_Bay_10_ciliated_protist_abundance,Titinnidium_spp_cell_mL-1,0,
Rennie,Silver_Harbour_Thunder_Bay,10,ciliated_protist_abundance,Rennie_Silver_Harbour_Thunder_Bay_10_ciliated_protist_abundance,Urotricha_farcta_cell_mL-1,0,
Rennie,Silver_Harbour_Thunder_Bay,10,ciliated_protist_abundance,Rennie_Silver_Harbour_Thunder_Bay_10_ciliated_protist_abundance,Urotricha_Sp2_cell_mL-1,0,
Rennie,Silver_Harbour_Thunder_Bay,10,ciliated_protist_abundance,Rennie_Silver_Harbour_Thunder_Bay_10_ciliated_protist_abundance,Vorticella_campanula_cell_mL-1,0,
Rennie,Silver_Harbour_Thunder_Bay,10,ciliated_protist_abundance,Rennie_Silver_Harbour_Thunder_Bay_10_ciliated_protist_abundance,TOTAL_cell_mL-1,0.01,
Doubek,Saint_Martin_Bay_SM-LH,1,ciliated_protist_abundance,Doubek_Saint_Martin_Bay_SM-LH_1_ciliated_protist_abundance,Cyclidium_spp_cell_mL-1,0,
Doubek,Saint_Martin_Bay_SM-LH,1,ciliated_protist_abundance,Doubek_Saint_Martin_Bay_SM-LH_1_ciliated_protist_abundance,Gymnodinium_helveticum_cell_mL-1,0.01,
Doubek,Saint_Martin_Bay_SM-LH,1,ciliated_protist_abundance,Doubek_Saint_Martin_Bay_SM-LH_1_ciliated_protist_abundance,Gymnodinium_Sp1_cell_mL-1,0,
Doubek,Saint_Martin_Bay_SM-LH,1,ciliated_protist_abundance,Doubek_Saint_Martin_Bay_SM-LH_1_ciliated_protist_abundance,Gymnodinium_varians_cell_mL-1,0,
Doubek,Saint_Martin_Bay_SM-LH,1,ciliated_protist_abundance,Doubek_Saint_Martin_Bay_SM-LH_1_ciliated_protist_abundance,Halteria_Sp1_cell_mL-1,0,
Doubek,Saint_Martin_Bay_SM-LH,1,ciliated_protist_abundance,Doubek_Saint_Martin_Bay_SM-LH_1_ciliated_protist_abundance,Mallomonas_pseudocoronata_cell_mL-1,0,
Doubek,Saint_Martin_Bay_SM-LH,1,ciliated_protist_abundance,Doubek_Saint_Martin_Bay_SM-LH_1_ciliated_protist_abundance,Mesodinium_Sp2_cell_mL-1,0,
Doubek,Saint_Martin_Bay_SM-LH,1,ciliated_protist_abundance,Doubek_Saint_Martin_Bay_SM-LH_1_ciliated_protist_abundance,Monodinium_Sp1_cell_mL-1,0,
Doubek,Saint_Martin_Bay_SM-LH,1,ciliated_protist_abundance,Doubek_Saint_Martin_Bay_SM-LH_1_ciliated_protist_abundance,Pelagohalteria_Sp1_cell_mL-1,0,
Doubek,Saint_Martin_Bay_SM-LH,1,ciliated_protist_abundance,Doubek_Saint_Martin_Bay_SM-LH_1_ciliated_protist_abundance,Peridinium_inconspicum_cell_mL-1,0,
Doubek,Saint_Martin_Bay_SM-LH,1,ciliated_protist_abundance,Doubek_Saint_Martin_Bay_SM-LH_1_ciliated_protist_abundance,Strombidum_Sp1_cell_mL-1,0,
Doubek,Saint_Martin_Bay_SM-LH,1,ciliated_protist_abundance,Doubek_Saint_Martin_Bay_SM-LH_1_ciliated_protist_abundance,Strobilidium_Sp1_cell_mL-1,0,
Doubek,Saint_Martin_Bay_SM-LH,1,ciliated_protist_abundance,Doubek_Saint_Martin_Bay_SM-LH_1_ciliated_protist_abundance,Titinnidium_spp_cell_mL-1,0,
Doubek,Saint_Martin_Bay_SM-LH,1,ciliated_protist_abundance,Doubek_Saint_Martin_Bay_SM-LH_1_ciliated_protist_abundance,Urotricha_farcta_cell_mL-1,0.01,
Doubek,Saint_Martin_Bay_SM-LH,1,ciliated_protist_abundance,Doubek_Saint_Martin_Bay_SM-LH_1_ciliated_protist_abundance,Urotricha_Sp2_cell_mL-1,0,
Doubek,Saint_Martin_Bay_SM-LH,1,ciliated_protist_abundance,Doubek_Saint_Martin_Bay_SM-LH_1_ciliated_protist_abundance,Vorticella_campanula_cell_mL-1,0,
Doubek,Saint_Martin_Bay_SM-LH,1,ciliated_protist_abundance,Doubek_Saint_Martin_Bay_SM-LH_1_ciliated_protist_abundance,TOTAL_cell_mL-1,0.02,
Twiss,U17,0,ciliated_protist_abundance,Twiss_U17_0_ciliated_protist_abundance,Cyclidium_spp_cell_mL-1,0,
Twiss,U17,0,ciliated_protist_abundance,Twiss_U17_0_ciliated_protist_abundance,Gymnodinium_helveticum_cell_mL-1,0,
Twiss,U17,0,ciliated_protist_abundance,Twiss_U17_0_ciliated_protist_abundance,Gymnodinium_Sp1_cell_mL-1,0,
Twiss,U17,0,ciliated_protist_abundance,Twiss_U17_0_ciliated_protist_abundance,Gymnodinium_varians_cell_mL-1,0.01,
Twiss,U17,0,ciliated_protist_abundance,Twiss_U17_0_ciliated_protist_abundance,Halteria_Sp1_cell_mL-1,0,
Twiss,U17,0,ciliated_protist_abundance,Twiss_U17_0_ciliated_protist_abundance,Mallomonas_pseudocoronata_cell_mL-1,0,
Twiss,U17,0,ciliated_protist_abundance,Twiss_U17_0_ciliated_protist_abundance,Mesodinium_Sp2_cell_mL-1,0,
Twiss,U17,0,ciliated_protist_abundance,Twiss_U17_0_ciliated_protist_abundance,Monodinium_Sp1_cell_mL-1,0,
Twiss,U17,0,ciliated_protist_abundance,Twiss_U17_0_ciliated_protist_abundance,Pelagohalteria_Sp1_cell_mL-1,0,
Twiss,U17,0,ciliated_protist_abundance,Twiss_U17_0_ciliated_protist_abundance,Peridinium_inconspicum_cell_mL-1,0,
Twiss,U17,0,ciliated_protist_abundance,Twiss_U17_0_ciliated_protist_abundance,Strombidum_Sp1_cell_mL-1,0,
Twiss,U17,0,ciliated_protist_abundance,Twiss_U17_0_ciliated_protist_abundance,Strobilidium_Sp1_cell_mL-1,0,
Twiss,U17,0,ciliated_protist_abundance,Twiss_U17_0_ciliated_protist_abundance,Titinnidium_spp_cell_mL-1,0,
Twiss,U17,0,ciliated_protist_abundance,Twiss_U17_0_ciliated_protist_abundance,Urotricha_farcta_cell_mL-1,0,
Twiss,U17,0,ciliated_protist_abundance,Twiss_U17_0_ciliated_protist_abundance,Urotricha_Sp2_cell_mL-1,0,
Twiss,U17,0,ciliated_protist_abundance,Twiss_U17_0_ciliated_protist_abundance,Vorticella_campanula_cell_mL-1,0,
Twiss,U17,0,ciliated_protist_abundance,Twiss_U17_0_ciliated_protist_abundance,TOTAL_cell_mL-1,0.01,
Uzarski,Vanderbilt_Park_Saginaw_Bay,0.5,ciliated_protist_abundance,Uzarski_Vanderbilt_Park_Saginaw_Bay_0.5_ciliated_protist_abundance,Cyclidium_spp_cell_mL-1,0,
Uzarski,Vanderbilt_Park_Saginaw_Bay,0.5,ciliated_protist_abundance,Uzarski_Vanderbilt_Park_Saginaw_Bay_0.5_ciliated_protist_abundance,Gymnodinium_helveticum_cell_mL-1,0,
Uzarski,Vanderbilt_Park_Saginaw_Bay,0.5,ciliated_protist_abundance,Uzarski_Vanderbilt_Park_Saginaw_Bay_0.5_ciliated_protist_abundance,Gymnodinium_Sp1_cell_mL-1,0,
Uzarski,Vanderbilt_Park_Saginaw_Bay,0.5,ciliated_protist_abundance,Uzarski_Vanderbilt_Park_Saginaw_Bay_0.5_ciliated_protist_abundance,Gymnodinium_varians_cell_mL-1,0.01,
Uzarski,Vanderbilt_Park_Saginaw_Bay,0.5,ciliated_protist_abundance,Uzarski_Vanderbilt_Park_Saginaw_Bay_0.5_ciliated_protist_abundance,Halteria_Sp1_cell_mL-1,0,
Uzarski,Vanderbilt_Park_Saginaw_Bay,0.5,ciliated_protist_abundance,Uzarski_Vanderbilt_Park_Saginaw_Bay_0.5_ciliated_protist_abundance,Mallomonas_pseudocoronata_cell_mL-1,0,
Uzarski,Vanderbilt_Park_Saginaw_Bay,0.5,ciliated_protist_abundance,Uzarski_Vanderbilt_Park_Saginaw_Bay_0.5_ciliated_protist_abundance,Mesodinium_Sp2_cell_mL-1,0,
Uzarski,Vanderbilt_Park_Saginaw_Bay,0.5,ciliated_protist_abundance,Uzarski_Vanderbilt_Park_Saginaw_Bay_0.5_ciliated_protist_abundance,Monodinium_Sp1_cell_mL-1,0,
Uzarski,Vanderbilt_Park_Saginaw_Bay,0.5,ciliated_protist_abundance,Uzarski_Vanderbilt_Park_Saginaw_Bay_0.5_ciliated_protist_abundance,Pelagohalteria_Sp1_cell_mL-1,0,
Uzarski,Vanderbilt_Park_Saginaw_Bay,0.5,ciliated_protist_abundance,Uzarski_Vanderbilt_Park_Saginaw_Bay_0.5_ciliated_protist_abundance,Peridinium_inconspicum_cell_mL-1,0,
Uzarski,Vanderbilt_Park_Saginaw_Bay,0.5,ciliated_protist_abundance,Uzarski_Vanderbilt_Park_Saginaw_Bay_0.5_ciliated_protist_abundance,Strombidum_Sp1_cell_mL-1,0,
Uzarski,Vanderbilt_Park_Saginaw_Bay,0.5,ciliated_protist_abundance,Uzarski_Vanderbilt_Park_Saginaw_Bay_0.5_ciliated_protist_abundance,Strobilidium_Sp1_cell_mL-1,0,
Uzarski,Vanderbilt_Park_Saginaw_Bay,0.5,ciliated_protist_abundance,Uzarski_Vanderbilt_Park_Saginaw_Bay_0.5_ciliated_protist_abundance,Titinnidium_spp_cell_mL-1,0,
Uzarski,Vanderbilt_Park_Saginaw_Bay,0.5,ciliated_protist_abundance,Uzarski_Vanderbilt_Park_Saginaw_Bay_0.5_ciliated_protist_abundance,Urotricha_farcta_cell_mL-1,0,
Uzarski,Vanderbilt_Park_Saginaw_Bay,0.5,ciliated_protist_abundance,Uzarski_Vanderbilt_Park_Saginaw_Bay_0.5_ciliated_protist_abundance,Urotricha_Sp2_cell_mL-1,0,
Uzarski,Vanderbilt_Park_Saginaw_Bay,0.5,ciliated_protist_abundance,Uzarski_Vanderbilt_Park_Saginaw_Bay_0.5_ciliated_protist_abundance,Vorticella_campanula_cell_mL-1,0,
Uzarski,Vanderbilt_Park_Saginaw_Bay,0.5,ciliated_protist_abundance,Uzarski_Vanderbilt_Park_Saginaw_Bay_0.5_ciliated_protist_abundance,TOTAL_cell_mL-1,0.01,
Doubek,Whitefish_Bay_WB-LS,9,ciliated_protist_abundance,Doubek_Whitefish_Bay_WB-LS_9_ciliated_protist_abundance,Cyclidium_spp_cell_mL-1,0,
Doubek,Whitefish_Bay_WB-LS,9,ciliated_protist_abundance,Doubek_Whitefish_Bay_WB-LS_9_ciliated_protist_abundance,Gymnodinium_helveticum_cell_mL-1,0.02,
Doubek,Whitefish_Bay_WB-LS,9,ciliated_protist_abundance,Doubek_Whitefish_Bay_WB-LS_9_ciliated_protist_abundance,Gymnodinium_Sp1_cell_mL-1,0,
Doubek,Whitefish_Bay_WB-LS,9,ciliated_protist_abundance,Doubek_Whitefish_Bay_WB-LS_9_ciliated_protist_abundance,Gymnodinium_varians_cell_mL-1,0,
Doubek,Whitefish_Bay_WB-LS,9,ciliated_protist_abundance,Doubek_Whitefish_Bay_WB-LS_9_ciliated_protist_abundance,Halteria_Sp1_cell_mL-1,0,
Doubek,Whitefish_Bay_WB-LS,9,ciliated_protist_abundance,Doubek_Whitefish_Bay_WB-LS_9_ciliated_protist_abundance,Mallomonas_pseudocoronata_cell_mL-1,0,
Doubek,Whitefish_Bay_WB-LS,9,ciliated_protist_abundance,Doubek_Whitefish_Bay_WB-LS_9_ciliated_protist_abundance,Mesodinium_Sp2_cell_mL-1,0,
Doubek,Whitefish_Bay_WB-LS,9,ciliated_protist_abundance,Doubek_Whitefish_Bay_WB-LS_9_ciliated_protist_abundance,Monodinium_Sp1_cell_mL-1,0,
Doubek,Whitefish_Bay_WB-LS,9,ciliated_protist_abundance,Doubek_Whitefish_Bay_WB-LS_9_ciliated_protist_abundance,Pelagohalteria_Sp1_cell_mL-1,0,
Doubek,Whitefish_Bay_WB-LS,9,ciliated_protist_abundance,Doubek_Whitefish_Bay_WB-LS_9_ciliated_protist_abundance,Peridinium_inconspicum_cell_mL-1,0,
Doubek,Whitefish_Bay_WB-LS,9,ciliated_protist_abundance,Doubek_Whitefish_Bay_WB-LS_9_ciliated_protist_abundance,Strombidum_Sp1_cell_mL-1,0,
Doubek,Whitefish_Bay_WB-LS,9,ciliated_protist_abundance,Doubek_Whitefish_Bay_WB-LS_9_ciliated_protist_abundance,Strobilidium_Sp1_cell_mL-1,0,
Doubek,Whitefish_Bay_WB-LS,9,ciliated_protist_abundance,Doubek_Whitefish_Bay_WB-LS_9_ciliated_protist_abundance,Titinnidium_spp_cell_mL-1,0,
Doubek,Whitefish_Bay_WB-LS,9,ciliated_protist_abundance,Doubek_Whitefish_Bay_WB-LS_9_ciliated_protist_abundance,Urotricha_farcta_cell_mL-1,0,
Doubek,Whitefish_Bay_WB-LS,9,ciliated_protist_abundance,Doubek_Whitefish_Bay_WB-LS_9_ciliated_protist_abundance,Urotricha_Sp2_cell_mL-1,0,
Doubek,Whitefish_Bay_WB-LS,9,ciliated_protist_abundance,Doubek_Whitefish_Bay_WB-LS_9_ciliated_protist_abundance,Vorticella_campanula_cell_mL-1,0.01,
Doubek,Whitefish_Bay_WB-LS,9,ciliated_protist_abundance,Doubek_Whitefish_Bay_WB-LS_9_ciliated_protist_abundance,TOTAL_cell_mL-1,0.03,
Zastepa,WP_Waverly_Beach_Park,1,ciliated_protist_abundance,Zastepa_WP_Waverly_Beach_Park_1_ciliated_protist_abundance,Cyclidium_spp_cell_mL-1,0,
Zastepa,WP_Waverly_Beach_Park,1,ciliated_protist_abundance,Zastepa_WP_Waverly_Beach_Park_1_ciliated_protist_abundance,Gymnodinium_helveticum_cell_mL-1,0,
Zastepa,WP_Waverly_Beach_Park,1,ciliated_protist_abundance,Zastepa_WP_Waverly_Beach_Park_1_ciliated_protist_abundance,Gymnodinium_Sp1_cell_mL-1,0,
Zastepa,WP_Waverly_Beach_Park,1,ciliated_protist_abundance,Zastepa_WP_Waverly_Beach_Park_1_ciliated_protist_abundance,Gymnodinium_varians_cell_mL-1,0,
Zastepa,WP_Waverly_Beach_Park,1,ciliated_protist_abundance,Zastepa_WP_Waverly_Beach_Park_1_ciliated_protist_abundance,Halteria_Sp1_cell_mL-1,0,
Zastepa,WP_Waverly_Beach_Park,1,ciliated_protist_abundance,Zastepa_WP_Waverly_Beach_Park_1_ciliated_protist_abundance,Mallomonas_pseudocoronata_cell_mL-1,0,
Zastepa,WP_Waverly_Beach_Park,1,ciliated_protist_abundance,Zastepa_WP_Waverly_Beach_Park_1_ciliated_protist_abundance,Mesodinium_Sp2_cell_mL-1,0,
Zastepa,WP_Waverly_Beach_Park,1,ciliated_protist_abundance,Zastepa_WP_Waverly_Beach_Park_1_ciliated_protist_abundance,Monodinium_Sp1_cell_mL-1,0,
Zastepa,WP_Waverly_Beach_Park,1,ciliated_protist_abundance,Zastepa_WP_Waverly_Beach_Park_1_ciliated_protist_abundance,Pelagohalteria_Sp1_cell_mL-1,0,
Zastepa,WP_Waverly_Beach_Park,1,ciliated_protist_abundance,Zastepa_WP_Waverly_Beach_Park_1_ciliated_protist_abundance,Peridinium_inconspicum_cell_mL-1,0,
Zastepa,WP_Waverly_Beach_Park,1,ciliated_protist_abundance,Zastepa_WP_Waverly_Beach_Park_1_ciliated_protist_abundance,Strombidum_Sp1_cell_mL-1,0,
Zastepa,WP_Waverly_Beach_Park,1,ciliated_protist_abundance,Zastepa_WP_Waverly_Beach_Park_1_ciliated_protist_abundance,Strobilidium_Sp1_cell_mL-1,0,
Zastepa,WP_Waverly_Beach_Park,1,ciliated_protist_abundance,Zastepa_WP_Waverly_Beach_Park_1_ciliated_protist_abundance,Titinnidium_spp_cell_mL-1,0,
Zastepa,WP_Waverly_Beach_Park,1,ciliated_protist_abundance,Zastepa_WP_Waverly_Beach_Park_1_ciliated_protist_abundance,Urotricha_farcta_cell_mL-1,0,
Zastepa,WP_Waverly_Beach_Park,1,ciliated_protist_abundance,Zastepa_WP_Waverly_Beach_Park_1_ciliated_protist_abundance,Urotricha_Sp2_cell_mL-1,0,
Zastepa,WP_Waverly_Beach_Park,1,ciliated_protist_abundance,Zastepa_WP_Waverly_Beach_Park_1_ciliated_protist_abundance,Vorticella_campanula_cell_mL-1,0.01,
Zastepa,WP_Waverly_Beach_Park,1,ciliated_protist_abundance,Zastepa_WP_Waverly_Beach_Park_1_ciliated_protist_abundance,TOTAL_cell_mL-1,0.02,