SITENAME,Date,Plot,Plot_Size,Species,Shell_Height,Shell_Width,Wet_Weight,AFDW
Rabbit Key Basin,2000-03-23,2,1,Nassarius albus,11.7,7.5,0.261,NA
Rabbit Key Basin,2000-03-23,2,1,Astrea phoebia,10.1,26.6,2.321,112.3
Rabbit Key Basin,2000-03-23,6,1,Astrea phoebia,10.5,16.5,2.203,118.1
Rabbit Key Basin,2000-03-23,4,1,Ceritheum eburneum,15,5.6,0.179,NA
Rabbit Key Basin,2000-03-23,1,1,Cerithium eburneum,12.5,9.5,0.763,NA
Rabbit Key Basin,2000-03-23,3,1,Cerithium eburneum,26.7,10.2,1.133,NA
Rabbit Key Basin,2000-03-23,5,1,Columbella rusticoides,13.7,7.4,0.378,NA
Rabbit Key Basin,2000-03-23,5,1,Columbella rusticoides,13.9,7.8,0.425,NA
Rabbit Key Basin,2000-03-23,2,1,Modulus modulus,10.2,14.8,0.961,82
Rabbit Key Basin,2000-03-23,3,1,Modulus modulus,11.8,14.2,1.131,66.1
Rabbit Key Basin,2000-03-23,4,1,Modulus modulus,9.8,12.4,0.697,34.6
Rabbit Key Basin,2000-03-23,4,1,Modulus modulus,10.7,11.8,0.799,27.9
Rabbit Key Basin,2000-03-23,5,1,Modulus modulus,10,13.8,0.888,57.3
Rabbit Key Basin,2000-03-23,6,1,Modulus modulus,9.1,12.1,0.676,31.1
Rabbit Key Basin,2000-03-23,5,1,Prunum apicinum,12,7.1,0.405,NA
Rabbit Key Basin,2000-03-23,5,1,Prunum apicinum,11.9,7.9,0.425,NA
Rabbit Key Basin,2000-03-23,5,1,Prunum apicinum,10.5,6.7,0.276,NA
Rabbit Key Basin,2000-03-23,1,1,Tegula fasciata,11.9,15.6,1.539,134.3
Rabbit Key Basin,2000-03-23,1,1,Tegula fasciata,11.5,15.6,1.327,134.3
Rabbit Key Basin,2000-03-23,2,1,Tegula fasciata,12.7,15.6,1.687,134.3
Rabbit Key Basin,2000-03-23,2,1,Tegula fasciata,13.6,15.6,1.597,134.3
Rabbit Key Basin,2000-03-23,2,1,Tegula fasciata,12.1,15.9,1.578,147.3
Rabbit Key Basin,2000-03-23,3,1,Tegula fasciata,13.2,16.6,1.778,182.7
Rabbit Key Basin,2000-03-23,3,1,Tegula fasciata,16.3,12.2,1.9,47.1
Rabbit Key Basin,2000-03-23,4,1,Tegula fasciata,10.3,12.8,0.894,56.7
Rabbit Key Basin,2000-03-23,4,1,Tegula fasciata,12.4,16.3,1.737,166.6
Rabbit Key Basin,2000-03-23,4,1,Tegula fasciata,12,15.1,1.499,115.1
Rabbit Key Basin,2000-03-23,4,1,Tegula fasciata,12.2,15.4,1.534,126.3
Rabbit Key Basin,2000-03-23,4,1,Tegula fasciata,11.9,14.8,1.378,105
Rabbit Key Basin,2000-03-23,4,1,Tegula fasciata,11.9,16.1,1.784,156.7
Rabbit Key Basin,2000-03-23,4,1,Tegula fasciata,11.8,15.5,1.405,130.2
Rabbit Key Basin,2000-03-23,4,1,Tegula fasciata,13.1,16.3,1.838,166.6
Rabbit Key Basin,2000-03-23,5,1,Tegula fasciata,12.1,15.6,1.485,134.3
Rabbit Key Basin,2000-03-23,5,1,Tegula fasciata,11.8,14.9,1.486,108.3
Rabbit Key Basin,2000-03-23,5,1,Tegula fasciata,16,13.7,1.735,74.8
Rabbit Key Basin,2000-03-23,5,1,Tegula fasciata,12.2,15.4,1.494,126.3
Rabbit Key Basin,2000-03-23,5,1,Tegula fasciata,12,15.4,1.71,126.3
Rabbit Key Basin,2000-03-23,5,1,Tegula fasciata,12.6,14.9,1.557,108.3
Rabbit Key Basin,2000-03-23,6,1,Tegula fasciata,12.2,15.5,1.523,130.2
Rabbit Key Basin,2000-03-23,6,1,Tegula fasciata,13.3,16.1,1.949,156.7
Rabbit Key Basin,2000-03-23,6,1,Tegula fasciata,10.7,14.6,1.269,98.7
Rabbit Key Basin,2000-03-23,6,1,Tegula fasciata,13.1,15.9,1.685,147.3
Rabbit Key Basin,2000-03-23,6,1,Tegula fasciata,12.6,15.6,1.551,134.3
Rabbit Key Basin,2000-03-23,6,1,Tegula fasciata,12.6,14.2,1.387,87.3
Rabbit Key Basin,2000-03-23,6,1,Tegula fasciata,13.4,16.2,1.681,161.6
Rabbit Key Basin,2000-03-23,6,1,Tegula fasciata,11.5,14.7,1.382,101.8
Rabbit Key Basin,2000-03-23,6,1,Tegula fasciata,11.8,15.3,1.322,122.5
Rabbit Key Basin,2000-03-23,6,1,Tegula fasciata,11.7,14.5,1.399,95.7
Rabbit Key Basin,2000-03-23,6,1,Tegula fasciata,13.5,16,1.82,151.9
Rabbit Key Basin,2000-03-23,6,1,Tegula fasciata,12.3,15.9,1.638,147.3
Rabbit Key Basin,2000-03-23,6,1,Tegula fasciata,12,13.6,1.164,72.5
Rabbit Key Basin,2000-03-23,1,1,Turbo castanea,18.6,17.7,2.401,237
Rabbit Key Basin,2000-03-23,1,1,Turbo castanea,23.1,22.4,3.967,735.4
Rabbit Key Basin,2000-03-23,1,1,Turbo castanea,19.7,18.2,2.466,312.6
Rabbit Key Basin,2000-03-23,1,1,Turbo castanea,20.3,19.1,2.843,363.6
Rabbit Key Basin,2000-03-23,1,1,Turbo castanea,21.3,20.4,3.205,467.6
Rabbit Key Basin,2000-03-23,1,1,Turbo castanea,20.3,17.4,2.507,363.6
Rabbit Key Basin,2000-03-23,1,1,Turbo castanea,20.2,17.8,2.706,354.5
Rabbit Key Basin,2000-03-23,1,1,Turbo castanea,18.5,18.4,2.399,231.1
Rabbit Key Basin,2000-03-23,1,1,Turbo castanea,18.5,17.1,2.117,231.1
Rabbit Key Basin,2000-03-23,1,1,Turbo castanea,17.4,18.4,2.135,175.3
Rabbit Key Basin,2000-03-23,1,1,Turbo castanea,17.9,15.9,1.894,198.8
Rabbit Key Basin,2000-03-23,1,1,Turbo castanea,19.6,17.3,2.25,304.8
Rabbit Key Basin,2000-03-23,1,1,Turbo castanea,21,19.2,3.074,433.6
Rabbit Key Basin,2000-03-23,1,1,Turbo castanea,20.3,19.9,2.821,363.6
Rabbit Key Basin,2000-03-23,2,1,Turbo castanea,21,18.8,3.151,433.6
Rabbit Key Basin,2000-03-23,2,1,Turbo castanea,19.6,17.9,2.353,304.8
Rabbit Key Basin,2000-03-23,2,1,Turbo castanea,19,18.5,2.465,262.1
Rabbit Key Basin,2000-03-23,2,1,Turbo castanea,18.8,19,2.471,249.3
Rabbit Key Basin,2000-03-23,2,1,Turbo castanea,19.1,17.7,2.299,268.8
Rabbit Key Basin,2000-03-23,2,1,Turbo castanea,20.8,19,3.006,412.3
Rabbit Key Basin,2000-03-23,2,1,Turbo castanea,18.2,17.8,2.297,214.3
Rabbit Key Basin,2000-03-23,2,1,Turbo castanea,18.9,18.7,2.601,255.6
Rabbit Key Basin,2000-03-23,2,1,Turbo castanea,19.4,18.3,2.506,289.9
Rabbit Key Basin,2000-03-23,2,1,Turbo castanea,20.1,19.3,2.84,345.7
Rabbit Key Basin,2000-03-23,2,1,Turbo castanea,20,18.6,2.626,337.1
Rabbit Key Basin,2000-03-23,2,1,Turbo castanea,18.4,16.8,1.864,225.4
Rabbit Key Basin,2000-03-23,3,1,Turbo castanea,19,18.5,2.328,262.1
Rabbit Key Basin,2000-03-23,3,1,Turbo castanea,20.3,19.4,2.853,363.6
Rabbit Key Basin,2000-03-23,3,1,Turbo castanea,18.8,17.9,2.356,249.3
Rabbit Key Basin,2000-03-23,3,1,Turbo castanea,18.7,18.4,2.414,243.1
Rabbit Key Basin,2000-03-23,3,1,Turbo castanea,22.6,20.5,3.548,648.5
Rabbit Key Basin,2000-03-23,3,1,Turbo castanea,20.3,19.2,2.695,363.6
Rabbit Key Basin,2000-03-23,3,1,Turbo castanea,17.4,15.5,1.671,175.3
Rabbit Key Basin,2000-03-23,3,1,Turbo castanea,19.3,18.5,2.504,282.7
Rabbit Key Basin,2000-03-23,3,1,Turbo castanea,20.5,18.9,2.877,382.3
Rabbit Key Basin,2000-03-23,3,1,Turbo castanea,20.1,19.5,3.076,345.7
Rabbit Key Basin,2000-03-23,3,1,Turbo castanea,17.7,16.5,1.834,189
Rabbit Key Basin,2000-03-23,3,1,Turbo castanea,17.4,15.5,1.89,175.3
Rabbit Key Basin,2000-03-23,3,1,Turbo castanea,18.3,18.1,1.957,219.8
Rabbit Key Basin,2000-03-23,3,1,Turbo castanea,18.4,18.5,2.251,225.4
Rabbit Key Basin,2000-03-23,4,1,Turbo castanea,18.7,17.2,2.16,243.1
Rabbit Key Basin,2000-03-23,4,1,Turbo castanea,19.2,17.6,2.415,275.7
Rabbit Key Basin,2000-03-23,4,1,Turbo castanea,19.1,17.9,2.463,268.8
Rabbit Key Basin,2000-03-23,4,1,Turbo castanea,19.9,18.8,2.597,328.7
Rabbit Key Basin,2000-03-23,4,1,Turbo castanea,19.2,17.9,2.351,275.7
Rabbit Key Basin,2000-03-23,4,1,Turbo castanea,20.8,19.2,2.85,412.3
Rabbit Key Basin,2000-03-23,4,1,Turbo castanea,21.5,19.3,3.247,491.7
Rabbit Key Basin,2000-03-23,4,1,Turbo castanea,21.5,19.9,3.118,491.7
Rabbit Key Basin,2000-03-23,4,1,Turbo castanea,19.4,19.5,2.774,289.9
Rabbit Key Basin,2000-03-23,4,1,Turbo castanea,20.3,19.1,2.793,363.6
Rabbit Key Basin,2000-03-23,4,1,Turbo castanea,21.1,21.6,3.697,444.6
Rabbit Key Basin,2000-03-23,4,1,Turbo castanea,21,19.6,3.155,433.6
Rabbit Key Basin,2000-03-23,4,1,Turbo castanea,20.8,19.8,3.114,412.3
Rabbit Key Basin,2000-03-23,4,1,Turbo castanea,20.2,18.7,3.071,354.5
Rabbit Key Basin,2000-03-23,4,1,Turbo castanea,20,18.3,2.7,337.1
Rabbit Key Basin,2000-03-23,4,1,Turbo castanea,19.1,18.3,2.501,268.8
Rabbit Key Basin,2000-03-23,4,1,Turbo castanea,17.7,16.3,1.851,189
Rabbit Key Basin,2000-03-23,4,1,Turbo castanea,20.8,18.3,2.921,412.3
Rabbit Key Basin,2000-03-23,4,1,Turbo castanea,19.1,16.6,2.127,268.8
Rabbit Key Basin,2000-03-23,4,1,Turbo castanea,19,18,2.47,262.1
Rabbit Key Basin,2000-03-23,4,1,Turbo castanea,19.1,17.9,2.411,268.8
Rabbit Key Basin,2000-03-23,4,1,Turbo castanea,19.1,18.2,2.348,268.8
Rabbit Key Basin,2000-03-23,5,1,Turbo castanea,20.2,19,2.907,354.5
Rabbit Key Basin,2000-03-23,5,1,Turbo castanea,19,17.8,2.248,262.1
Rabbit Key Basin,2000-03-23,5,1,Turbo castanea,18.7,17.5,2.134,243.1
Rabbit Key Basin,2000-03-23,5,1,Turbo castanea,18.1,17.5,2.148,209
Rabbit Key Basin,2000-03-23,5,1,Turbo castanea,19,17.3,2.298,262.1
Rabbit Key Basin,2000-03-23,5,1,Turbo castanea,19,17.2,2.533,262.1
Rabbit Key Basin,2000-03-23,5,1,Turbo castanea,20.8,19.6,3.155,412.3
Rabbit Key Basin,2000-03-23,5,1,Turbo castanea,18.9,17.6,2.416,255.6
Rabbit Key Basin,2000-03-23,5,1,Turbo castanea,18,17.5,2.124,203.8
Rabbit Key Basin,2000-03-23,5,1,Turbo castanea,20.1,17.2,2.423,345.7
Rabbit Key Basin,2000-03-23,5,1,Turbo castanea,19.3,17,2.319,282.7
Rabbit Key Basin,2000-03-23,5,1,Turbo castanea,20.9,17.6,2.57,422.8
Rabbit Key Basin,2000-03-23,5,1,Turbo castanea,19.6,18.3,2.343,304.8
Rabbit Key Basin,2000-03-23,5,1,Turbo castanea,19.1,18.5,2.661,268.8
Rabbit Key Basin,2000-03-23,5,1,Turbo castanea,19.8,19.2,2.759,320.6
Rabbit Key Basin,2000-03-23,5,1,Turbo castanea,20.4,18.8,2.886,372.8
Rabbit Key Basin,2000-03-23,5,1,Turbo castanea,19.2,17.9,2.629,275.7
Rabbit Key Basin,2000-03-23,5,1,Turbo castanea,18.9,17.3,2.305,255.6
Rabbit Key Basin,2000-03-23,5,1,Turbo castanea,18.2,17,2.167,214.3
Rabbit Key Basin,2000-03-23,6,1,Turbo castanea,20.4,18.5,2.77,372.8
Rabbit Key Basin,2000-03-23,6,1,Turbo castanea,20,17.7,2.589,337.1
Rabbit Key Basin,2000-03-23,6,1,Turbo castanea,17.1,16.7,1.801,162.5
Rabbit Key Basin,2000-03-23,6,1,Turbo castanea,20.2,18.6,2.869,354.5
Rabbit Key Basin,2000-03-23,6,1,Turbo castanea,19.4,18.1,2.595,289.9
Rabbit Key Basin,2000-03-23,6,1,Turbo castanea,20,18.2,2.626,337.1
Rabbit Key Basin,2000-03-23,6,1,Turbo castanea,18.8,16.5,2.164,249.3
Rabbit Key Basin,2000-03-23,6,1,Turbo castanea,20.1,18.1,2.427,345.7
Rabbit Key Basin,2000-03-23,6,1,Turbo castanea,20.1,18.6,2.599,345.7
Rabbit Key Basin,2000-03-23,6,1,Turbo castanea,18.1,16.7,2.045,209
Rabbit Key Basin,2000-03-23,6,1,Turbo castanea,18.4,17.8,2.247,225.4
Rabbit Key Basin,2000-03-23,6,1,Turbo castanea,19.3,17.8,2.434,282.7
Rabbit Key Basin,2000-03-23,6,1,Turbo castanea,21.2,19.6,3.369,455.9
Rabbit Key Basin,2000-03-23,6,1,Turbo castanea,20.7,19.5,2.925,402.1
Rabbit Key Basin,2000-03-23,6,1,Turbo castanea,19.3,19.2,2.972,282.7
Rabbit Key Basin,2000-03-23,6,1,Turbo castanea,20,19.7,2.764,337.1
Rabbit Key Basin,2000-03-23,6,1,Turbo castanea,19.5,18.3,2.541,297.3
Rabbit Key Basin,2000-03-23,6,1,Turbo castanea,19.4,18.8,2.455,289.9
Rabbit Key Basin,2000-03-23,6,1,Turbo castanea,17.5,16.5,1.714,179.7
Rabbit Key Basin,2000-03-23,6,1,Turbo castanea,20.4,18.7,2.89,372.8
Rabbit Key Basin,2000-03-23,6,1,Turbo castanea,21.6,19,3.101,504.2
Rabbit Key Basin,2000-03-23,6,1,Turbo castanea,20.3,18.7,2.733,363.6
Rabbit Key Basin,2000-03-23,6,1,Turbo castanea,18.9,16.9,2.208,255.6
Rabbit Key Basin,2000-03-23,6,1,Turbo castanea,19.2,17.6,2.352,275.7
Rabbit Key Basin,2000-03-23,6,1,Turbo castanea,19.9,19,2.785,328.7
Rabbit Key Basin,2000-03-23,6,1,Turbo castanea,19.1,17.7,2.473,268.8
Rabbit Key Basin,2000-03-23,6,1,Turbo castanea,20.2,20.5,3.231,354.5
Rabbit Key Basin,2000-03-23,6,1,Turbo castanea,18.2,15.5,2.058,214.3
Rabbit Key Basin,2000-03-23,6,1,Turbo castanea,19.6,18.3,2.63,304.8
Rabbit Key Basin,2000-03-23,6,1,Turbo castanea,18.4,16.2,2.141,225.4
Rabbit Key Basin,2000-03-23,6,1,Turbo castanea,17.3,17.6,2.22,170.9
Rabbit Key Basin,2000-03-23,6,1,Turbo castanea,18.7,17.4,2.285,243.1
Rabbit Key Basin,2000-03-23,6,1,Turbo castanea,19.7,18,2.834,312.6
Rabbit Key Basin,2000-03-23,2,1,Zafrona taylorae,8.9,4.2,0.086,NA
Rabbit Key Basin,2000-03-23,4,1,Zafrona taylorae,9.5,4.7,0.098,NA
Rabbit Key Basin,2000-06-14,4,1,Astrea phoebia,7.7,12.2,6.238,83
Rabbit Key Basin,2000-06-14,2,1,Columbella rusticoides,15.6,8.4,0.537,NA
Rabbit Key Basin,2000-06-14,6,1,Columbella rusticoides,11.4,5.9,0.17,NA
Rabbit Key Basin,2000-06-14,1,1,Modulus modulus,9.5,14,0.855,61.5
Rabbit Key Basin,2000-06-14,1,1,Modulus modulus,10,13.2,0.773,46.1
Rabbit Key Basin,2000-06-14,1,1,Modulus modulus,7.5,10.6,0.311,18.1
Rabbit Key Basin,2000-06-14,2,1,Modulus modulus,9.9,13.8,0.948,57.3
Rabbit Key Basin,2000-06-14,2,1,Modulus modulus,11.3,12.9,0.885,41.4
Rabbit Key Basin,2000-06-14,2,1,Modulus modulus,7.8,11.2,0.338,22.5
Rabbit Key Basin,2000-06-14,3,1,Modulus modulus,3.6,5.4,0.032,2.8
Rabbit Key Basin,2000-06-14,4,1,Modulus modulus,9.5,13.5,0.757,51.4
Rabbit Key Basin,2000-06-14,4,1,Modulus modulus,9.5,12.7,0.626,38.5
Rabbit Key Basin,2000-06-14,4,1,Modulus modulus,7.1,10.5,0.272,17.5
Rabbit Key Basin,2000-06-14,5,1,Modulus modulus,6.8,9.9,0.248,14.1
Rabbit Key Basin,2000-06-14,5,1,Modulus modulus,10.7,12.9,0.877,41.4
Rabbit Key Basin,2000-06-14,6,1,Modulus modulus,9.8,12.1,0.648,31.1
Rabbit Key Basin,2000-06-14,6,1,Modulus modulus,2.9,4.4,0.023,1.9
Rabbit Key Basin,2000-06-14,1,1,Prunum apicinum,12.6,7.9,0.375,NA
Rabbit Key Basin,2000-06-14,1,1,Tegula fasciata,11.5,14.9,1.329,108.3
Rabbit Key Basin,2000-06-14,1,1,Tegula fasciata,14.4,16.9,2.023,200.4
Rabbit Key Basin,2000-06-14,1,1,Tegula fasciata,5.3,8.1,0.164,13.3
Rabbit Key Basin,2000-06-14,2,1,Tegula fasciata,13.3,15.6,1.618,134.3
Rabbit Key Basin,2000-06-14,2,1,Tegula fasciata,12.7,15.5,1.751,130.2
Rabbit Key Basin,2000-06-14,2,1,Tegula fasciata,7.6,10.8,0.423,30.6
Rabbit Key Basin,2000-06-14,2,1,Tegula fasciata,6.1,9.1,0.24,18.1
Rabbit Key Basin,2000-06-14,3,1,Tegula fasciata,13.4,16.6,1.851,182.7
Rabbit Key Basin,2000-06-14,3,1,Tegula fasciata,6.3,9.5,0.261,20.5
Rabbit Key Basin,2000-06-14,4,1,Tegula fasciata,12.5,15.4,1.49,126.3
Rabbit Key Basin,2000-06-14,4,1,Tegula fasciata,12.8,15.9,1.739,147.3
Rabbit Key Basin,2000-06-14,4,1,Tegula fasciata,7.5,10,0.354,23.9
Rabbit Key Basin,2000-06-14,4,1,Tegula fasciata,6,9.2,0.229,18.7
Rabbit Key Basin,2000-06-14,4,1,Tegula fasciata,6,8.5,0.197,15.1
Rabbit Key Basin,2000-06-14,4,1,Tegula fasciata,4.4,6.6,0.086,8.4
Rabbit Key Basin,2000-06-14,4,1,Tegula fasciata,3,4.8,0.032,4.8
Rabbit Key Basin,2000-06-14,5,1,Tegula fasciata,4.3,6.7,0.097,8.7
Rabbit Key Basin,2000-06-14,5,1,Tegula fasciata,4.6,7.1,0.108,9.8
Rabbit Key Basin,2000-06-14,6,1,Tegula fasciata,13,15.4,1.667,126.3
Rabbit Key Basin,2000-06-14,6,1,Tegula fasciata,12.9,16.1,1.954,156.7
Rabbit Key Basin,2000-06-14,6,1,Tegula fasciata,5.5,9.2,0.234,18.7
Rabbit Key Basin,2000-06-14,6,1,Tegula fasciata,12,14.5,1.427,95.7
Rabbit Key Basin,2000-06-14,6,1,Tegula fasciata,11.5,15.6,1.572,134.3
Rabbit Key Basin,2000-06-14,1,1,Turbo castanea,21,18.9,2.994,433.6
Rabbit Key Basin,2000-06-14,1,1,Turbo castanea,19.2,17.7,2.305,275.7
Rabbit Key Basin,2000-06-14,1,1,Turbo castanea,19.4,17.2,2.371,289.9
Rabbit Key Basin,2000-06-14,1,1,Turbo castanea,8,7.5,0.195,16.5
Rabbit Key Basin,2000-06-14,1,1,Turbo castanea,8.7,8.5,0.253,19.6
Rabbit Key Basin,2000-06-14,1,1,Turbo castanea,5.5,5.3,0.072,8.8
Rabbit Key Basin,2000-06-14,1,1,Turbo castanea,6.7,6.2,0.112,11.9
Rabbit Key Basin,2000-06-14,2,1,Turbo castanea,20.4,19.8,3.142,372.8
Rabbit Key Basin,2000-06-14,2,1,Turbo castanea,21,18.4,2.957,433.6
Rabbit Key Basin,2000-06-14,2,1,Turbo castanea,20.4,18.9,2.905,372.8
Rabbit Key Basin,2000-06-14,2,1,Turbo castanea,7.9,7.6,0.184,16.1
Rabbit Key Basin,2000-06-14,2,1,Turbo castanea,8,7.2,0.178,16.5
Rabbit Key Basin,2000-06-14,2,1,Turbo castanea,7,6.5,0.142,12.8
Rabbit Key Basin,2000-06-14,3,1,Turbo castanea,21.6,19.6,3.393,504.2
Rabbit Key Basin,2000-06-14,3,1,Turbo castanea,19.4,18,2.574,289.9
Rabbit Key Basin,2000-06-14,3,1,Turbo castanea,18.3,16.1,1.867,219.8
Rabbit Key Basin,2000-06-14,3,1,Turbo castanea,18.8,18.8,2.418,249.3
Rabbit Key Basin,2000-06-14,3,1,Turbo castanea,19.3,17.2,2.519,282.7
Rabbit Key Basin,2000-06-14,3,1,Turbo castanea,18.3,16.7,2.525,219.8
Rabbit Key Basin,2000-06-14,3,1,Turbo castanea,6.3,6.1,0.102,10.7
Rabbit Key Basin,2000-06-14,3,1,Turbo castanea,6.8,6.7,0.121,12.2
Rabbit Key Basin,2000-06-14,3,1,Turbo castanea,8.9,7.9,0.257,20.6
Rabbit Key Basin,2000-06-14,3,1,Turbo castanea,9.5,8.2,0.286,24
Rabbit Key Basin,2000-06-14,3,1,Turbo castanea,7.4,6.6,0.137,14.2
Rabbit Key Basin,2000-06-14,3,1,Turbo castanea,6.1,6,0.096,10.2
Rabbit Key Basin,2000-06-14,3,1,Turbo castanea,5.9,5.5,0.081,9.7
Rabbit Key Basin,2000-06-14,3,1,Turbo castanea,5.3,5,0.061,8.3
Rabbit Key Basin,2000-06-14,3,1,Turbo castanea,4.5,4.3,0.042,6.8
Rabbit Key Basin,2000-06-14,3,1,Turbo castanea,4.5,4.3,0.041,6.8
Rabbit Key Basin,2000-06-14,3,1,Turbo castanea,20.6,18.3,2.828,392.1
Rabbit Key Basin,2000-06-14,4,1,Turbo castanea,19.5,17.2,2.383,297.3
Rabbit Key Basin,2000-06-14,4,1,Turbo castanea,18,17.9,2.384,203.8
Rabbit Key Basin,2000-06-14,4,1,Turbo castanea,9,8.2,0.268,21.2
Rabbit Key Basin,2000-06-14,4,1,Turbo castanea,3.7,3.9,0.027,5.6
Rabbit Key Basin,2000-06-14,4,1,Turbo castanea,5,4.6,0.043,7.7
Rabbit Key Basin,2000-06-14,4,1,Turbo castanea,5.3,5,0.066,8.3
Rabbit Key Basin,2000-06-14,4,1,Turbo castanea,5.2,5.1,0.058,8.1
Rabbit Key Basin,2000-06-14,4,1,Turbo castanea,4.8,4.8,0.046,7.4
Rabbit Key Basin,2000-06-14,4,1,Turbo castanea,4.9,4.9,0.058,7.5
Rabbit Key Basin,2000-06-14,4,1,Turbo castanea,3.1,3,0.014,4.8
Rabbit Key Basin,2000-06-14,5,1,Turbo castanea,17.8,18.2,2.598,193.8
Rabbit Key Basin,2000-06-14,5,1,Turbo castanea,7.9,7.5,0.177,16.1
Rabbit Key Basin,2000-06-14,5,1,Turbo castanea,7.2,7.2,0.142,13.5
Rabbit Key Basin,2000-06-14,5,1,Turbo castanea,8.2,7.4,0.178,17.3
Rabbit Key Basin,2000-06-14,5,1,Turbo castanea,6.3,6,0.087,10.7
Rabbit Key Basin,2000-06-14,5,1,Turbo castanea,7.5,6.8,0.145,14.5
Rabbit Key Basin,2000-06-14,5,1,Turbo castanea,7.4,7.1,0.13,14.2
Rabbit Key Basin,2000-06-14,5,1,Turbo castanea,8.2,7.6,0.189,17.3
Rabbit Key Basin,2000-06-14,5,1,Turbo castanea,4,4,0.016,6
Rabbit Key Basin,2000-06-14,5,1,Turbo castanea,4.9,5.1,0.057,7.5
Rabbit Key Basin,2000-06-14,5,1,Turbo castanea,3.5,3.7,0.023,5.3
Rabbit Key Basin,2000-06-14,6,1,Turbo castanea,20.9,19.2,3.061,422.8
Rabbit Key Basin,2000-06-14,6,1,Turbo castanea,19.6,18.8,2.997,304.8
Rabbit Key Basin,2000-06-14,6,1,Turbo castanea,20.6,19,2.859,392.1
Rabbit Key Basin,2000-06-14,6,1,Turbo castanea,5.9,5.6,0.083,9.7
Rabbit Key Basin,2000-06-14,6,1,Turbo castanea,-9999,NA,NA,NA
Rabbit Key Basin,2000-06-14,6,1,Turbo castanea,5.3,4.9,0.059,8.3
Rabbit Key Basin,2000-06-14,6,1,Turbo castanea,3.1,3.4,0.021,4.8
Rabbit Key Basin,2000-06-14,4,1,Vexillum sp.,19.9,11.6,NA,NA
Rabbit Key Basin,2000-06-14,4,1,Vexillum sp.,12.7,7.5,NA,NA
Rabbit Key Basin,2000-06-14,5,1,Vexillum sp.,17.2,8.6,NA,NA
Rabbit Key Basin,2000-06-14,3,1,Zafrona taylorae,9.3,4.4,0.098,NA
Rabbit Key Basin,2000-06-14,3,1,Zafrona taylorae,8.4,3.6,0.057,NA
Rabbit Key Basin,2000-06-14,3,1,Zafrona taylorae,5.8,2.5,0.021,NA
Rabbit Key Basin,2000-06-14,5,1,Zafrona taylorae,8,3.1,0.04,NA
Rabbit Key Basin,2000-06-14,5,1,Zafrona taylorae,8.7,3.3,0.05,NA
Rabbit Key Basin,2000-06-14,5,1,Zafrona taylorae,8.4,3.5,0.055,NA
Rabbit Key Basin,2000-06-14,6,1,Zafrona taylorae,9,3.9,0.067,NA
Rabbit Key Basin,2000-08-12,2,1,Astrea phoebia,2.1,8.4,0.037,41
Rabbit Key Basin,2000-08-12,3,1,Astrea phoebia,1.5,6.9,0.024,38
Rabbit Key Basin,2000-08-12,4,1,Astrea phoebia,16.5,31.7,8.149,251.5
Rabbit Key Basin,2000-08-12,5,1,Astrea phoebia,12.8,28,3.415,157.8
Rabbit Key Basin,2000-08-12,1,1,Bittiolum varium,6.5,2.4,0.027,NA
Rabbit Key Basin,2000-08-12,5,1,Bittiolum varium,6.5,2.4,0.028,NA
Rabbit Key Basin,2000-08-12,4,1,Cantharus multangulus,16.1,9.7,NA,NA
Rabbit Key Basin,2000-08-12,5,1,Cantharus multangulus,11.8,7,NA,NA
Rabbit Key Basin,2000-08-12,2,1,Cerithium muscarum,11.2,5.3,0.105,NA
Rabbit Key Basin,2000-08-12,4,1,Cerithium muscarum,17.4,7.4,0.379,NA
Rabbit Key Basin,2000-08-12,4,1,Cerithium muscarum,14.8,6.3,0.235,NA
Rabbit Key Basin,2000-08-12,6,1,Cerithium muscarum,16,6,0.231,NA
Rabbit Key Basin,2000-08-12,6,1,Cerithium muscarum,20.7,7.7,0.476,NA
Rabbit Key Basin,2000-08-12,6,1,Cerithium muscarum,18.8,6.2,0.343,NA
Rabbit Key Basin,2000-08-12,1,1,Columbella rusticoides,7,3.5,0.034,NA
Rabbit Key Basin,2000-08-12,1,1,Columbella rusticoides,3.3,1.8,0.004,NA
Rabbit Key Basin,2000-08-12,4,1,Columbella rusticoides,8.7,4,NA,NA
Rabbit Key Basin,2000-08-12,5,1,Columbella rusticoides,11.3,5.8,0.161,NA
Rabbit Key Basin,2000-08-12,5,1,Columbella rusticoides,8.6,4.4,0.072,NA
Rabbit Key Basin,2000-08-12,6,1,Columbella rusticoides,15,8,0.343,NA
Rabbit Key Basin,2000-08-12,6,1,Columbella rusticoides,13.5,7.3,NA,NA
Rabbit Key Basin,2000-08-12,6,1,Columbella rusticoides,9.7,5,NA,NA
Rabbit Key Basin,2000-08-12,1,1,Modulus modulus,10.1,12.9,0.746,41.4
Rabbit Key Basin,2000-08-12,1,1,Modulus modulus,10.2,14,0.81,61.5
Rabbit Key Basin,2000-08-12,1,1,Modulus modulus,10.3,13.6,0.867,53.3
Rabbit Key Basin,2000-08-12,1,1,Modulus modulus,9.9,13.1,0.718,44.5
Rabbit Key Basin,2000-08-12,1,1,Modulus modulus,10.2,13.8,0.839,57.3
Rabbit Key Basin,2000-08-12,1,1,Modulus modulus,9.5,14,0.805,61.5
Rabbit Key Basin,2000-08-12,1,1,Modulus modulus,8.7,12.2,0.444,32.2
Rabbit Key Basin,2000-08-12,1,1,Modulus modulus,10.7,14,0.914,61.5
Rabbit Key Basin,2000-08-12,1,1,Modulus modulus,10.9,13.9,0.873,59.4
Rabbit Key Basin,2000-08-12,1,1,Modulus modulus,10,13.8,0.847,57.3
Rabbit Key Basin,2000-08-12,1,1,Modulus modulus,8.2,11.3,0.452,23.3
Rabbit Key Basin,2000-08-12,1,1,Modulus modulus,6,8.5,0.156,8.5
Rabbit Key Basin,2000-08-12,1,1,Modulus modulus,5.8,8.1,0.124,7.4
Rabbit Key Basin,2000-08-12,2,1,Modulus modulus,8,11.5,0.387,25
Rabbit Key Basin,2000-08-12,2,1,Modulus modulus,10.4,13.1,0.808,44.5
Rabbit Key Basin,2000-08-12,2,1,Modulus modulus,9.5,13.5,0.745,51.4
Rabbit Key Basin,2000-08-12,2,1,Modulus modulus,9.9,13.6,0.752,53.3
Rabbit Key Basin,2000-08-12,2,1,Modulus modulus,8,11.7,0.413,26.9
Rabbit Key Basin,2000-08-12,2,1,Modulus modulus,6.6,9.1,0.183,10.6
Rabbit Key Basin,2000-08-12,3,1,Modulus modulus,8.5,12.2,0.559,32.2
Rabbit Key Basin,2000-08-12,3,1,Modulus modulus,10.2,13.8,0.81,57.3
Rabbit Key Basin,2000-08-12,3,1,Modulus modulus,9.5,12.5,0.616,35.9
Rabbit Key Basin,2000-08-12,3,1,Modulus modulus,9,12.7,0.537,38.5
Rabbit Key Basin,2000-08-12,3,1,Modulus modulus,7.7,10.6,0.293,18.1
Rabbit Key Basin,2000-08-12,3,1,Modulus modulus,7.2,10.1,0.256,15.1
Rabbit Key Basin,2000-08-12,3,1,Modulus modulus,6.7,8.8,0.163,9.5
Rabbit Key Basin,2000-08-12,4,1,Modulus modulus,9.8,13.1,0.667,44.5
Rabbit Key Basin,2000-08-12,4,1,Modulus modulus,9.2,12.8,0.665,40
Rabbit Key Basin,2000-08-12,4,1,Modulus modulus,7.5,10.9,0.308,20.2
Rabbit Key Basin,2000-08-12,4,1,Modulus modulus,2.4,3.1,0.011,1.2
Rabbit Key Basin,2000-08-12,4,1,Modulus modulus,10.2,13.2,0.869,46.1
Rabbit Key Basin,2000-08-12,4,1,Modulus modulus,8.8,12.5,0.486,35.9
Rabbit Key Basin,2000-08-12,5,1,Modulus modulus,8.3,11.4,0.422,24.2
Rabbit Key Basin,2000-08-12,5,1,Modulus modulus,9.8,13.3,0.714,47.8
Rabbit Key Basin,2000-08-12,5,1,Modulus modulus,8.9,12.6,0.495,37.2
Rabbit Key Basin,2000-08-12,5,1,Modulus modulus,10.7,14.6,1.016,76.4
Rabbit Key Basin,2000-08-12,6,1,Modulus modulus,10,13.8,0.82,57.3
Rabbit Key Basin,2000-08-12,6,1,Modulus modulus,9.9,13.4,0.786,49.6
Rabbit Key Basin,2000-08-12,6,1,Modulus modulus,10.2,14,0.878,61.5
Rabbit Key Basin,2000-08-12,6,1,Modulus modulus,9.9,14.1,0.774,63.8
Rabbit Key Basin,2000-08-12,6,1,Modulus modulus,9.5,13,0.642,42.9
Rabbit Key Basin,2000-08-12,6,1,Modulus modulus,9.6,13,0.7,42.9
Rabbit Key Basin,2000-08-12,6,1,Modulus modulus,8.9,12.8,0.599,40
Rabbit Key Basin,2000-08-12,6,1,Modulus modulus,7.2,10,0.245,14.6
Rabbit Key Basin,2000-08-12,6,1,Modulus modulus,9,13.1,0.689,44.5
Rabbit Key Basin,2000-08-12,6,1,Modulus modulus,5.8,8.1,0.13,7.4
Rabbit Key Basin,2000-08-12,6,1,Modulus modulus,9,12.2,0.567,32.2
Rabbit Key Basin,2000-08-12,6,1,Modulus modulus,5.8,8.9,0.168,9.8
Rabbit Key Basin,2000-08-12,2,1,Prunum apicinum,11.1,6.9,0.319,NA
Rabbit Key Basin,2000-08-12,1,1,Tegula fasciata,9,11.2,0.603,34.6
Rabbit Key Basin,2000-08-12,1,1,Tegula fasciata,7.8,10.8,0.462,30.6
Rabbit Key Basin,2000-08-12,1,1,Tegula fasciata,7.9,10.9,0.465,31.6
Rabbit Key Basin,2000-08-12,1,1,Tegula fasciata,7.4,10.5,0.392,27.9
Rabbit Key Basin,2000-08-12,1,1,Tegula fasciata,6.3,8.7,0.216,16
Rabbit Key Basin,2000-08-12,2,1,Tegula fasciata,5.5,8.8,0.21,16.5
Rabbit Key Basin,2000-08-12,2,1,Tegula fasciata,5.9,8.3,0.183,14.2
Rabbit Key Basin,2000-08-12,2,1,Tegula fasciata,5,7.7,0.139,11.8
Rabbit Key Basin,2000-08-12,2,1,Tegula fasciata,10.8,12.8,1.008,56.7
Rabbit Key Basin,2000-08-12,2,1,Tegula fasciata,8,11.1,0.46,33.6
Rabbit Key Basin,2000-08-12,2,1,Tegula fasciata,8.6,11.4,0.588,36.8
Rabbit Key Basin,2000-08-12,2,1,Tegula fasciata,8,11.2,0.51,34.6
Rabbit Key Basin,2000-08-12,2,1,Tegula fasciata,10.1,12.9,0.927,58.5
Rabbit Key Basin,2000-08-12,2,1,Tegula fasciata,9.3,12.3,0.655,48.6
Rabbit Key Basin,2000-08-12,2,1,Tegula fasciata,8.2,11.3,0.507,35.7
Rabbit Key Basin,2000-08-12,2,1,Tegula fasciata,9.4,12,0.722,44.3
Rabbit Key Basin,2000-08-12,2,1,Tegula fasciata,7.4,9.7,0.352,21.8
Rabbit Key Basin,2000-08-12,2,1,Tegula fasciata,5.8,8.6,0.199,15.6
Rabbit Key Basin,2000-08-12,2,1,Tegula fasciata,9.7,12.8,0.861,56.7
Rabbit Key Basin,2000-08-12,3,1,Tegula fasciata,7,9.9,0.332,23.2
Rabbit Key Basin,2000-08-12,3,1,Tegula fasciata,3.2,4.3,0.032,4.1
Rabbit Key Basin,2000-08-12,3,1,Tegula fasciata,11.5,14.6,1.329,98.7
Rabbit Key Basin,2000-08-12,3,1,Tegula fasciata,6.9,10,0.382,23.9
Rabbit Key Basin,2000-08-12,3,1,Tegula fasciata,7.4,10,0.375,23.9
Rabbit Key Basin,2000-08-12,3,1,Tegula fasciata,8,10.6,0.448,28.8
Rabbit Key Basin,2000-08-12,3,1,Tegula fasciata,5.1,7.5,0.135,11.1
Rabbit Key Basin,2000-08-12,3,1,Tegula fasciata,3.5,5.2,0.042,5.5
Rabbit Key Basin,2000-08-12,4,1,Tegula fasciata,9.2,11.6,0.717,39.2
Rabbit Key Basin,2000-08-12,4,1,Tegula fasciata,6,9,0.244,17.6
Rabbit Key Basin,2000-08-12,4,1,Tegula fasciata,6.8,9.9,0.327,23.2
Rabbit Key Basin,2000-08-12,4,1,Tegula fasciata,7.5,10,0.404,23.9
Rabbit Key Basin,2000-08-12,4,1,Tegula fasciata,9,12.6,0.77,53.3
Rabbit Key Basin,2000-08-12,4,1,Tegula fasciata,7,9.8,0.34,22.5
Rabbit Key Basin,2000-08-12,4,1,Tegula fasciata,10.2,13.7,1.061,74.8
Rabbit Key Basin,2000-08-12,4,1,Tegula fasciata,6,8.8,0.221,16.5
Rabbit Key Basin,2000-08-12,5,1,Tegula fasciata,10.9,14.5,1.12,95.7
Rabbit Key Basin,2000-08-12,5,1,Tegula fasciata,9.8,13,0.933,60.3
Rabbit Key Basin,2000-08-12,5,1,Tegula fasciata,9.4,12.6,0.779,53.3
Rabbit Key Basin,2000-08-12,5,1,Tegula fasciata,9.1,12.2,0.733,47.1
Rabbit Key Basin,2000-08-12,5,1,Tegula fasciata,8.7,11.4,0.585,36.8
Rabbit Key Basin,2000-08-12,5,1,Tegula fasciata,4.3,7,0.101,9.5
Rabbit Key Basin,2000-08-12,5,1,Tegula fasciata,13,16,1.736,151.9
Rabbit Key Basin,2000-08-12,5,1,Tegula fasciata,12.5,15.3,1.587,122.5
Rabbit Key Basin,2000-08-12,5,1,Tegula fasciata,7.1,9.6,0.313,21.2
Rabbit Key Basin,2000-08-12,5,1,Tegula fasciata,7.5,10.5,0.394,27.9
Rabbit Key Basin,2000-08-12,5,1,Tegula fasciata,9.2,12.6,0.777,53.3
Rabbit Key Basin,2000-08-12,5,1,Tegula fasciata,9.3,12.7,0.839,55
Rabbit Key Basin,2000-08-12,5,1,Tegula fasciata,10.8,13.3,1.091,66.1
Rabbit Key Basin,2000-08-12,5,1,Tegula fasciata,8.7,10.8,0.555,30.6
Rabbit Key Basin,2000-08-12,5,1,Tegula fasciata,7.6,10.6,0.442,28.8
Rabbit Key Basin,2000-08-12,5,1,Tegula fasciata,8.8,11.9,0.704,43
Rabbit Key Basin,2000-08-12,5,1,Tegula fasciata,7,9.8,0.345,22.5
Rabbit Key Basin,2000-08-12,5,1,Tegula fasciata,7.5,9.9,0.373,23.2
Rabbit Key Basin,2000-08-12,5,1,Tegula fasciata,4.9,7.6,0.132,11.4
Rabbit Key Basin,2000-08-12,5,1,Tegula fasciata,10.2,13.5,1.022,70.3
Rabbit Key Basin,2000-08-12,5,1,Tegula fasciata,6.5,10,0.341,23.9
Rabbit Key Basin,2000-08-12,5,1,Tegula fasciata,7,10.1,0.367,24.7
Rabbit Key Basin,2000-08-12,5,1,Tegula fasciata,7,9.8,0.326,22.5
Rabbit Key Basin,2000-08-12,5,1,Tegula fasciata,6.7,9.9,0.347,23.2
Rabbit Key Basin,2000-08-12,5,1,Tegula fasciata,3.9,5.7,0.059,6.4
Rabbit Key Basin,2000-08-12,6,1,Tegula fasciata,8.4,12,0.695,44.3
Rabbit Key Basin,2000-08-12,6,1,Tegula fasciata,10.2,13.5,1.023,70.3
Rabbit Key Basin,2000-08-12,6,1,Tegula fasciata,9.7,12.7,0.853,55
Rabbit Key Basin,2000-08-12,6,1,Tegula fasciata,11.9,13.7,1.239,74.8
Rabbit Key Basin,2000-08-12,6,1,Tegula fasciata,7.8,10.6,0.42,28.8
Rabbit Key Basin,2000-08-12,6,1,Tegula fasciata,9.1,12.1,0.703,45.7
Rabbit Key Basin,2000-08-12,6,1,Tegula fasciata,9.3,11.7,0.649,40.4
Rabbit Key Basin,2000-08-12,6,1,Tegula fasciata,9.1,11.5,0.672,38
Rabbit Key Basin,2000-08-12,6,1,Tegula fasciata,6.5,9,0.239,17.6
Rabbit Key Basin,2000-08-12,6,1,Tegula fasciata,4.8,7.1,0.105,9.8
Rabbit Key Basin,2000-08-12,6,1,Tegula fasciata,5.6,8.2,0.177,13.7
Rabbit Key Basin,2000-08-12,6,1,Tegula fasciata,4.2,6.3,0.079,7.7
Rabbit Key Basin,2000-08-12,6,1,Tegula fasciata,6.5,9.3,0.267,19.3
Rabbit Key Basin,2000-08-12,6,1,Tegula fasciata,7,10.2,0.367,25.5
Rabbit Key Basin,2000-08-12,6,1,Tegula fasciata,6.8,9.5,0.279,20.5
Rabbit Key Basin,2000-08-12,6,1,Tegula fasciata,6.1,8.9,0.22,17.1
Rabbit Key Basin,2000-08-12,6,1,Tegula fasciata,7.9,10.6,0.39,28.8
Rabbit Key Basin,2000-08-12,6,1,Tegula fasciata,7.6,10.5,0.406,27.9
Rabbit Key Basin,2000-08-12,6,1,Tegula fasciata,3,5.1,0.039,5.3
Rabbit Key Basin,2000-08-12,6,1,Tegula fasciata,5.9,8.6,0.207,15.6
Rabbit Key Basin,2000-08-12,6,1,Tegula fasciata,7.8,10.7,0.415,29.7
Rabbit Key Basin,2000-08-12,1,1,Turbo castanea,11.5,9.9,0.493,39.7
Rabbit Key Basin,2000-08-12,1,1,Turbo castanea,13.4,11.5,0.721,64.1
Rabbit Key Basin,2000-08-12,1,1,Turbo castanea,11.5,10.1,0.551,39.7
Rabbit Key Basin,2000-08-12,1,1,Turbo castanea,12.9,11.3,0.735,56.5
Rabbit Key Basin,2000-08-12,1,1,Turbo castanea,10.4,9,0.386,30.1
Rabbit Key Basin,2000-08-12,1,1,Turbo castanea,8.4,7.8,0.216,18.2
Rabbit Key Basin,2000-08-12,1,1,Turbo castanea,11.2,9.5,0.474,36.8
Rabbit Key Basin,2000-08-12,1,1,Turbo castanea,11.9,10.3,0.569,43.9
Rabbit Key Basin,2000-08-12,1,1,Turbo castanea,12.2,10.8,0.644,47.4
Rabbit Key Basin,2000-08-12,1,1,Turbo castanea,10.4,8.6,0.366,30.1
Rabbit Key Basin,2000-08-12,1,1,Turbo castanea,11.6,10.2,0.524,40.7
Rabbit Key Basin,2000-08-12,1,1,Turbo castanea,11.7,10.6,0.577,41.8
Rabbit Key Basin,2000-08-12,1,1,Turbo castanea,10.4,9.3,0.377,30.1
Rabbit Key Basin,2000-08-12,1,1,Turbo castanea,10,8.9,0.352,27.2
Rabbit Key Basin,2000-08-12,1,1,Turbo castanea,9.6,8.6,0.352,24.6
Rabbit Key Basin,2000-08-12,1,1,Turbo castanea,9.5,8,0.293,24
Rabbit Key Basin,2000-08-12,1,1,Turbo castanea,11.2,9.5,0.507,36.8
Rabbit Key Basin,2000-08-12,1,1,Turbo castanea,8.4,7.5,0.214,18.2
Rabbit Key Basin,2000-08-12,1,1,Turbo castanea,10,9,0.362,27.2
Rabbit Key Basin,2000-08-12,1,1,Turbo castanea,10.1,8.7,0.364,27.9
Rabbit Key Basin,2000-08-12,1,1,Turbo castanea,9.5,8.4,0.305,24
Rabbit Key Basin,2000-08-12,1,1,Turbo castanea,8.8,7.8,0.213,20.1
Rabbit Key Basin,2000-08-12,1,1,Turbo castanea,9.1,8.2,0.274,21.7
Rabbit Key Basin,2000-08-12,1,1,Turbo castanea,12.8,10.9,0.624,55.1
Rabbit Key Basin,2000-08-12,1,1,Turbo castanea,8.6,7.9,0.243,19.1
Rabbit Key Basin,2000-08-12,1,1,Turbo castanea,12.1,11,0.624,46.2
Rabbit Key Basin,2000-08-12,1,1,Turbo castanea,11.1,9.8,0.448,35.9
Rabbit Key Basin,2000-08-12,1,1,Turbo castanea,9,8,0.262,21.2
Rabbit Key Basin,2000-08-12,1,1,Turbo castanea,8.8,7.8,0.24,20.1
Rabbit Key Basin,2000-08-12,1,1,Turbo castanea,6.2,5.7,0.097,10.5
Rabbit Key Basin,2000-08-12,1,1,Turbo castanea,6.2,6.2,0.11,10.5
Rabbit Key Basin,2000-08-12,1,1,Turbo castanea,7.5,6.8,0.148,14.5
Rabbit Key Basin,2000-08-12,1,1,Turbo castanea,7.8,7.3,0.175,15.7
Rabbit Key Basin,2000-08-12,1,1,Turbo castanea,7.1,6.7,0.134,13.1
Rabbit Key Basin,2000-08-12,1,1,Turbo castanea,8.7,7.6,0.227,19.6
Rabbit Key Basin,2000-08-12,1,1,Turbo castanea,10.6,9.4,0.397,31.7
Rabbit Key Basin,2000-08-12,1,1,Turbo castanea,8.7,7.9,0.247,19.6
Rabbit Key Basin,2000-08-12,2,1,Turbo castanea,10.7,9.3,0.381,32.5
Rabbit Key Basin,2000-08-12,2,1,Turbo castanea,13.9,12.3,0.833,72.7
Rabbit Key Basin,2000-08-12,2,1,Turbo castanea,10.1,8.8,0.337,27.9
Rabbit Key Basin,2000-08-12,2,1,Turbo castanea,11,9.8,0.467,35
Rabbit Key Basin,2000-08-12,2,1,Turbo castanea,8.6,8,0.228,19.1
Rabbit Key Basin,2000-08-12,2,1,Turbo castanea,6.7,6.2,0.112,11.9
Rabbit Key Basin,2000-08-12,2,1,Turbo castanea,7.5,6.7,0.136,14.5
Rabbit Key Basin,2000-08-12,2,1,Turbo castanea,8.3,7.8,0.216,17.8
Rabbit Key Basin,2000-08-12,2,1,Turbo castanea,9.8,8.7,0.326,25.9
Rabbit Key Basin,2000-08-12,2,1,Turbo castanea,10.6,9.5,0.399,31.7
Rabbit Key Basin,2000-08-12,2,1,Turbo castanea,7.3,6.5,0.136,13.8
Rabbit Key Basin,2000-08-12,2,1,Turbo castanea,8.9,8.2,0.268,20.6
Rabbit Key Basin,2000-08-12,2,1,Turbo castanea,5.1,4.7,0.057,7.9
Rabbit Key Basin,2000-08-12,2,1,Turbo castanea,8.2,7.6,0.214,17.3
Rabbit Key Basin,2000-08-12,2,1,Turbo castanea,5.7,5.3,0.073,9.2
Rabbit Key Basin,2000-08-12,2,1,Turbo castanea,2.8,2.9,0.013,4.5
Rabbit Key Basin,2000-08-12,3,1,Turbo castanea,12.3,10.7,0.603,48.6
Rabbit Key Basin,2000-08-12,3,1,Turbo castanea,10.8,9.9,0.521,33.3
Rabbit Key Basin,2000-08-12,3,1,Turbo castanea,16.1,13.8,1.339,126.4
Rabbit Key Basin,2000-08-12,3,1,Turbo castanea,10.3,9,0.356,29.4
Rabbit Key Basin,2000-08-12,3,1,Turbo castanea,13,11.2,0.716,57.9
Rabbit Key Basin,2000-08-12,3,1,Turbo castanea,12.6,11.1,0.649,52.4
Rabbit Key Basin,2000-08-12,3,1,Turbo castanea,10.4,9,0.382,30.1
Rabbit Key Basin,2000-08-12,3,1,Turbo castanea,10.5,9,0.384,30.9
Rabbit Key Basin,2000-08-12,3,1,Turbo castanea,11.6,9.8,0.506,40.7
Rabbit Key Basin,2000-08-12,3,1,Turbo castanea,10.4,9.2,0.366,30.1
Rabbit Key Basin,2000-08-12,3,1,Turbo castanea,11.1,9.7,0.469,35.9
Rabbit Key Basin,2000-08-12,3,1,Turbo castanea,9.3,8.6,0.305,22.8
Rabbit Key Basin,2000-08-12,3,1,Turbo castanea,9.1,8.1,0.266,21.7
Rabbit Key Basin,2000-08-12,3,1,Turbo castanea,8.8,8.4,0.279,20.1
Rabbit Key Basin,2000-08-12,3,1,Turbo castanea,12.3,11.3,0.628,48.6
Rabbit Key Basin,2000-08-12,3,1,Turbo castanea,12.5,11.2,0.685,51.1
Rabbit Key Basin,2000-08-12,3,1,Turbo castanea,11.7,10.4,0.479,41.8
Rabbit Key Basin,2000-08-12,3,1,Turbo castanea,9.6,8.2,0.28,24.6
Rabbit Key Basin,2000-08-12,3,1,Turbo castanea,9.1,8.1,0.249,21.7
Rabbit Key Basin,2000-08-12,3,1,Turbo castanea,12.7,11.5,0.707,53.7
Rabbit Key Basin,2000-08-12,3,1,Turbo castanea,4.3,3.9,0.04,6.5
Rabbit Key Basin,2000-08-12,3,1,Turbo castanea,6.7,6.3,0.111,11.9
Rabbit Key Basin,2000-08-12,3,1,Turbo castanea,7.1,6.4,0.128,13.1
Rabbit Key Basin,2000-08-12,3,1,Turbo castanea,3.9,3.9,0.032,5.9
Rabbit Key Basin,2000-08-12,3,1,Turbo castanea,8,7.5,0.186,16.5
Rabbit Key Basin,2000-08-12,4,1,Turbo castanea,11.6,9.8,0.522,40.7
Rabbit Key Basin,2000-08-12,4,1,Turbo castanea,16,13.5,1.249,123.2
Rabbit Key Basin,2000-08-12,4,1,Turbo castanea,12.1,10.3,0.594,46.2
Rabbit Key Basin,2000-08-12,4,1,Turbo castanea,12.4,10.5,0.582,49.8
Rabbit Key Basin,2000-08-12,4,1,Turbo castanea,9.1,8.3,0.266,21.7
Rabbit Key Basin,2000-08-12,4,1,Turbo castanea,15.1,12.8,1.019,98.3
Rabbit Key Basin,2000-08-12,4,1,Turbo castanea,11.3,9.6,0.463,37.8
Rabbit Key Basin,2000-08-12,4,1,Turbo castanea,10.5,9.3,NA,30.9
Rabbit Key Basin,2000-08-12,4,1,Turbo castanea,9.5,8.6,0.313,24
Rabbit Key Basin,2000-08-12,4,1,Turbo castanea,10.3,9.2,0.363,29.4
Rabbit Key Basin,2000-08-12,4,1,Turbo castanea,7.5,6.7,0.158,14.5
Rabbit Key Basin,2000-08-12,4,1,Turbo castanea,7.1,6.5,0.137,13.1
Rabbit Key Basin,2000-08-12,4,1,Turbo castanea,13.2,11.5,0.721,60.9
Rabbit Key Basin,2000-08-12,4,1,Turbo castanea,11,9.3,0.403,35
Rabbit Key Basin,2000-08-12,4,1,Turbo castanea,11,9.7,0.454,35
Rabbit Key Basin,2000-08-12,4,1,Turbo castanea,7.7,7,0.193,15.3
Rabbit Key Basin,2000-08-12,4,1,Turbo castanea,11.9,10.7,0.583,43.9
Rabbit Key Basin,2000-08-12,5,1,Turbo castanea,12.4,10.7,0.586,49.8
Rabbit Key Basin,2000-08-12,5,1,Turbo castanea,9.7,8.6,0.309,25.3
Rabbit Key Basin,2000-08-12,5,1,Turbo castanea,9.8,8.7,0.334,25.9
Rabbit Key Basin,2000-08-12,5,1,Turbo castanea,8.6,8,0.218,19.1
Rabbit Key Basin,2000-08-12,5,1,Turbo castanea,10.7,10.2,0.411,32.5
Rabbit Key Basin,2000-08-12,5,1,Turbo castanea,11.5,10.3,0.476,39.7
Rabbit Key Basin,2000-08-12,5,1,Turbo castanea,7.8,7.5,0.188,15.7
Rabbit Key Basin,2000-08-12,5,1,Turbo castanea,11.4,10.3,0.517,38.7
Rabbit Key Basin,2000-08-12,5,1,Turbo castanea,12.7,11,0.709,53.7
Rabbit Key Basin,2000-08-12,5,1,Turbo castanea,10.6,9.5,0.376,31.7
Rabbit Key Basin,2000-08-12,5,1,Turbo castanea,11.3,9.9,0.465,37.8
Rabbit Key Basin,2000-08-12,5,1,Turbo castanea,12.5,10.5,0.624,51.1
Rabbit Key Basin,2000-08-12,5,1,Turbo castanea,12.8,11.3,0.715,55.1
Rabbit Key Basin,2000-08-12,5,1,Turbo castanea,12.5,10.9,0.619,51.1
Rabbit Key Basin,2000-08-12,5,1,Turbo castanea,10.5,9.3,0.394,30.9
Rabbit Key Basin,2000-08-12,5,1,Turbo castanea,11.7,10.3,0.535,41.8
Rabbit Key Basin,2000-08-12,5,1,Turbo castanea,7.3,6.6,0.139,13.8
Rabbit Key Basin,2000-08-12,5,1,Turbo castanea,7.6,7.3,0.163,14.9
Rabbit Key Basin,2000-08-12,5,1,Turbo castanea,10.7,9.7,0.454,32.5
Rabbit Key Basin,2000-08-12,5,1,Turbo castanea,4.9,4.9,0.056,7.5
Rabbit Key Basin,2000-08-12,5,1,Turbo castanea,4.9,4.8,NA,7.5
Rabbit Key Basin,2000-08-12,5,1,Turbo castanea,9.3,8.9,0.302,22.8
Rabbit Key Basin,2000-08-12,5,1,Turbo castanea,9.5,8.5,0.308,24
Rabbit Key Basin,2000-08-12,5,1,Turbo castanea,8,7.3,0.187,16.5
Rabbit Key Basin,2000-08-12,5,1,Turbo castanea,5.6,5,0.069,9
Rabbit Key Basin,2000-08-12,6,1,Turbo castanea,11.5,10.3,0.512,39.7
Rabbit Key Basin,2000-08-12,6,1,Turbo castanea,12.2,9.9,0.554,47.4
Rabbit Key Basin,2000-08-12,6,1,Turbo castanea,8.3,7.5,0.201,17.8
Rabbit Key Basin,2000-08-12,6,1,Turbo castanea,11.3,9.8,0.519,37.8
Rabbit Key Basin,2000-08-12,6,1,Turbo castanea,11.4,10.3,0.491,38.7
Rabbit Key Basin,2000-08-12,6,1,Turbo castanea,12.5,11,0.595,51.1
Rabbit Key Basin,2000-08-12,6,1,Turbo castanea,10.6,9.3,0.418,31.7
Rabbit Key Basin,2000-08-12,6,1,Turbo castanea,13.1,10.7,0.657,59.4
Rabbit Key Basin,2000-08-12,6,1,Turbo castanea,10.3,8.9,0.364,29.4
Rabbit Key Basin,2000-08-12,6,1,Turbo castanea,14.1,11.8,0.893,76.4
Rabbit Key Basin,2000-08-12,6,1,Turbo castanea,10.5,9.1,0.349,30.9
Rabbit Key Basin,2000-08-12,6,1,Turbo castanea,10.5,9.4,0.394,30.9
Rabbit Key Basin,2000-08-12,6,1,Turbo castanea,8.8,8,0.226,20.1
Rabbit Key Basin,2000-08-12,6,1,Turbo castanea,10.7,9.2,0.357,32.5
Rabbit Key Basin,2000-08-12,6,1,Turbo castanea,11.4,10,0.511,38.7
Rabbit Key Basin,2000-08-12,6,1,Turbo castanea,10.8,9.4,0.399,33.3
Rabbit Key Basin,2000-08-12,6,1,Turbo castanea,11.7,10.2,0.531,41.8
Rabbit Key Basin,2000-08-12,6,1,Turbo castanea,10.7,9,0.359,32.5
Rabbit Key Basin,2000-08-12,6,1,Turbo castanea,11.6,10,0.542,40.7
Rabbit Key Basin,2000-08-12,6,1,Turbo castanea,9.5,8.5,0.27,24
Rabbit Key Basin,2000-08-12,6,1,Turbo castanea,10.7,9.8,0.433,32.5
Rabbit Key Basin,2000-08-12,6,1,Turbo castanea,9.9,8.4,0.27,26.6
Rabbit Key Basin,2000-08-12,6,1,Turbo castanea,9.2,8.3,0.252,22.3
Rabbit Key Basin,2000-08-12,6,1,Turbo castanea,9.1,7.8,0.245,21.7
Rabbit Key Basin,2000-08-12,6,1,Turbo castanea,11.1,9.7,0.47,35.9
Rabbit Key Basin,2000-08-12,6,1,Turbo castanea,11.1,9.8,0.465,35.9
Rabbit Key Basin,2000-08-12,6,1,Turbo castanea,11.5,9.8,0.487,39.7
Rabbit Key Basin,2000-08-12,6,1,Turbo castanea,9.5,8.5,0.317,24
Rabbit Key Basin,2000-08-12,6,1,Turbo castanea,7.2,6.4,0.14,13.5
Rabbit Key Basin,2000-08-12,6,1,Turbo castanea,9.7,8.2,0.297,25.3
Rabbit Key Basin,2000-08-12,6,1,Turbo castanea,9.5,8.2,0.257,24
Rabbit Key Basin,2000-08-12,6,1,Turbo castanea,8.5,7.7,0.222,18.7
Rabbit Key Basin,2000-08-12,6,1,Turbo castanea,8.6,7.9,0.215,19.1
Rabbit Key Basin,2000-08-12,6,1,Turbo castanea,5.8,5.5,0.077,9.5
Rabbit Key Basin,2000-08-12,6,1,Turbo castanea,9.1,8.2,0.264,21.7
Rabbit Key Basin,2000-08-12,6,1,Turbo castanea,8.5,7.7,0.2,18.7
Rabbit Key Basin,2000-08-12,6,1,Turbo castanea,5.5,5.2,0.068,8.8
Rabbit Key Basin,2000-08-12,6,1,Turbo castanea,10.8,9.7,0.427,33.3
Rabbit Key Basin,2000-08-12,6,1,Turbo castanea,6.9,6.6,0.121,12.5
Rabbit Key Basin,2000-08-12,6,1,Turbo castanea,7.5,6.8,0.139,14.5
Rabbit Key Basin,2000-08-12,6,1,Turbo castanea,8.8,7.8,0.227,20.1
Rabbit Key Basin,2000-08-12,6,1,Turbo castanea,6.3,5.5,0.089,10.7
Rabbit Key Basin,2000-08-12,6,1,Turbo castanea,7.2,6.5,0.137,13.5
Rabbit Key Basin,2000-08-12,6,1,Turbo castanea,9.7,8.6,0.315,25.3
Rabbit Key Basin,2000-08-12,6,1,Turbo castanea,10.3,9,0.39,29.4
Rabbit Key Basin,2000-08-12,1,1,Zafrona taylorae,9.3,4.4,0.067,NA
Rabbit Key Basin,2000-08-12,1,1,Zafrona taylorae,5.7,2.8,0.017,NA
Rabbit Key Basin,2000-08-12,2,1,Zafrona taylorae,7.8,3.4,NA,NA
Rabbit Key Basin,2000-08-12,4,1,Zafrona taylorae,9.5,3.9,0.056,NA
Rabbit Key Basin,2000-08-12,4,1,Zafrona taylorae,8.5,3.6,0.063,NA
Rabbit Key Basin,2000-08-12,4,1,Zafrona taylorae,6.1,2.8,0.021,NA
Rabbit Key Basin,2000-08-12,4,1,Zafrona taylorae,6.1,3,0.023,NA
Rabbit Key Basin,2000-08-12,4,1,Zafrona taylorae,6.1,2.8,0.02,NA
Rabbit Key Basin,2000-08-12,5,1,Zafrona taylorae,6.2,2.7,0.022,NA
Rabbit Key Basin,2000-10-09,1,1,Astrea phoebia,4.1,15.5,0.217,52.8
Rabbit Key Basin,2000-10-09,1,1,Astrea phoebia,4,13,0.155,52.1
Rabbit Key Basin,2000-10-09,3,1,Astrea phoebia,4.3,17.1,0.248,54.1
Rabbit Key Basin,2000-10-09,5,3,Astrea phoebia,3.9,14.9,0.173,51.5
Rabbit Key Basin,2000-10-09,2,1,Bittiolum varium,-9999,NA,NA,NA
Rabbit Key Basin,2000-10-09,5,3,Bittiolum varium,6,2.1,0.02,NA
Rabbit Key Basin,2000-10-09,1,1,Cantharus multangulus,15.8,9.5,NA,NA
Rabbit Key Basin,2000-10-09,5,3,Cantharus multangulus,20.3,11.3,NA,NA
Rabbit Key Basin,2000-10-09,5,3,Cantharus multangulus,11.9,7,NA,NA
Rabbit Key Basin,2000-10-09,1,1,Cerithium muscarum,17.5,7.8,0.35,NA
Rabbit Key Basin,2000-10-09,1,1,Cerithium muscarum,11.2,4.9,0.09,NA
Rabbit Key Basin,2000-10-09,2,1,Cerithium muscarum,21.4,8.8,0.665,NA
Rabbit Key Basin,2000-10-09,2,1,Cerithium muscarum,24.8,10,0.787,NA
Rabbit Key Basin,2000-10-09,2,1,Cerithium muscarum,22.2,9.3,0.661,NA
Rabbit Key Basin,2000-10-09,4,2,Cerithium muscarum,14.9,5.2,0.216,NA
Rabbit Key Basin,2000-10-09,5,3,Cerithium muscarum,12.8,5.1,0.135,NA
Rabbit Key Basin,2000-10-09,5,3,Cerithium muscarum,19.5,5.9,0.386,NA
Rabbit Key Basin,2000-10-09,5,3,Cerithium muscarum,15.3,6.9,0.258,NA
Rabbit Key Basin,2000-10-09,5,3,Cerithium muscarum,17,7.3,0.273,NA
Rabbit Key Basin,2000-10-09,1,1,Columbella rusticoides,15.7,8.5,0.617,NA
Rabbit Key Basin,2000-10-09,1,1,Columbella rusticoides,12,6.7,0.271,NA
Rabbit Key Basin,2000-10-09,2,1,Columbella rusticoides,14.1,7.5,0.451,NA
Rabbit Key Basin,2000-10-09,3,1,Columbella rusticoides,9.5,5.3,0.096,NA
Rabbit Key Basin,2000-10-09,3,1,Columbella rusticoides,2.3,2.3,0.007,NA
Rabbit Key Basin,2000-10-09,4,2,Columbella rusticoides,13.4,6.6,NA,NA
Rabbit Key Basin,2000-10-09,5,3,Columbella rusticoides,13.9,6.9,0.383,NA
Rabbit Key Basin,2000-10-09,5,3,Columbella rusticoides,12.7,6.5,0.298,NA
Rabbit Key Basin,2000-10-09,5,3,Columbella rusticoides,15,8,0.479,NA
Rabbit Key Basin,2000-10-09,5,3,Columbella rusticoides,13.7,7.3,NA,NA
Rabbit Key Basin,2000-10-09,5,3,Conus jaspideus stearnsi,13.3,6.1,NA,NA
Rabbit Key Basin,2000-10-09,1,1,Modulus modulus,10,13.8,0.856,57.3
Rabbit Key Basin,2000-10-09,1,1,Modulus modulus,9,13.2,0.733,46.1
Rabbit Key Basin,2000-10-09,1,1,Modulus modulus,11,13,0.805,42.9
Rabbit Key Basin,2000-10-09,1,1,Modulus modulus,9.5,12.7,0.615,38.5
Rabbit Key Basin,2000-10-09,1,1,Modulus modulus,10.7,13.8,0.87,57.3
Rabbit Key Basin,2000-10-09,1,1,Modulus modulus,10.4,13.9,0.805,59.4
Rabbit Key Basin,2000-10-09,1,1,Modulus modulus,10.3,13.2,0.753,46.1
Rabbit Key Basin,2000-10-09,1,1,Modulus modulus,7.5,10.6,0.311,18.1
Rabbit Key Basin,2000-10-09,1,1,Modulus modulus,7.6,11.2,0.384,22.5
Rabbit Key Basin,2000-10-09,1,1,Modulus modulus,10.8,14.3,0.903,68.5
Rabbit Key Basin,2000-10-09,1,1,Modulus modulus,12,15.5,1.27,105.5
Rabbit Key Basin,2000-10-09,1,1,Modulus modulus,8.8,12.1,0.491,31.1
Rabbit Key Basin,2000-10-09,1,1,Modulus modulus,10.8,13.7,0.844,55.2
Rabbit Key Basin,2000-10-09,2,1,Modulus modulus,10.5,13.7,0.794,55.2
Rabbit Key Basin,2000-10-09,2,1,Modulus modulus,10.7,13.4,0.929,49.6
Rabbit Key Basin,2000-10-09,2,1,Modulus modulus,9.2,12.4,0.616,34.6
Rabbit Key Basin,2000-10-09,2,1,Modulus modulus,9.2,13,0.747,42.9
Rabbit Key Basin,2000-10-09,2,1,Modulus modulus,8.3,12.7,0.606,38.5
Rabbit Key Basin,2000-10-09,2,1,Modulus modulus,10.2,13.7,0.906,55.2
Rabbit Key Basin,2000-10-09,2,1,Modulus modulus,9.5,12.7,0.669,38.5
Rabbit Key Basin,2000-10-09,2,1,Modulus modulus,8.6,12.4,0.511,34.6
Rabbit Key Basin,2000-10-09,2,1,Modulus modulus,7.6,11.1,0.354,21.7
Rabbit Key Basin,2000-10-09,3,1,Modulus modulus,10.3,14.1,0.892,63.8
Rabbit Key Basin,2000-10-09,3,1,Modulus modulus,10.1,13.9,0.834,59.4
Rabbit Key Basin,2000-10-09,3,1,Modulus modulus,10.2,14.5,0.92,73.7
Rabbit Key Basin,2000-10-09,3,1,Modulus modulus,10,13.4,0.754,49.6
Rabbit Key Basin,2000-10-09,3,1,Modulus modulus,8.9,10.2,0.519,15.7
Rabbit Key Basin,2000-10-09,3,1,Modulus modulus,9.5,13.1,0.665,44.5
Rabbit Key Basin,2000-10-09,3,1,Modulus modulus,9.8,13.8,0.777,57.3
Rabbit Key Basin,2000-10-09,3,1,Modulus modulus,9.8,12.8,0.733,40
Rabbit Key Basin,2000-10-09,3,1,Modulus modulus,4.2,6,0.043,3.5
Rabbit Key Basin,2000-10-09,3,1,Modulus modulus,4,5.3,0.032,2.7
Rabbit Key Basin,2000-10-09,4,2,Modulus modulus,8.8,12,0.466,30
Rabbit Key Basin,2000-10-09,4,2,Modulus modulus,9.8,12.9,0.673,41.4
Rabbit Key Basin,2000-10-09,4,2,Modulus modulus,10.7,14,0.927,61.5
Rabbit Key Basin,2000-10-09,4,2,Modulus modulus,9.4,12.3,0.574,33.4
Rabbit Key Basin,2000-10-09,4,2,Modulus modulus,10.5,14.2,0.912,66.1
Rabbit Key Basin,2000-10-09,4,2,Modulus modulus,9,12.2,0.632,32.2
Rabbit Key Basin,2000-10-09,4,2,Modulus modulus,9.2,13.1,0.634,44.5
Rabbit Key Basin,2000-10-09,4,2,Modulus modulus,9.9,13.7,0.9,55.2
Rabbit Key Basin,2000-10-09,4,2,Modulus modulus,9.5,12,0.635,30
Rabbit Key Basin,2000-10-09,4,2,Modulus modulus,8.2,11.8,0.432,27.9
Rabbit Key Basin,2000-10-09,4,2,Modulus modulus,6.9,10.5,0.291,17.5
Rabbit Key Basin,2000-10-09,4,2,Modulus modulus,9.3,12.6,0.621,37.2
Rabbit Key Basin,2000-10-09,4,2,Modulus modulus,10.2,13.5,0.808,51.4
Rabbit Key Basin,2000-10-09,4,2,Modulus modulus,7.3,10.5,0.293,17.5
Rabbit Key Basin,2000-10-09,4,2,Modulus modulus,6,8.3,0.138,7.9
Rabbit Key Basin,2000-10-09,4,2,Modulus modulus,7.1,10.4,0.288,16.9
Rabbit Key Basin,2000-10-09,4,2,Modulus modulus,7.1,10.3,0.276,16.3
Rabbit Key Basin,2000-10-09,5,3,Modulus modulus,10.2,13.7,0.864,55.2
Rabbit Key Basin,2000-10-09,5,3,Modulus modulus,12.6,14.9,1.165,85
Rabbit Key Basin,2000-10-09,5,3,Modulus modulus,8.6,11.9,0.491,28.9
Rabbit Key Basin,2000-10-09,5,3,Modulus modulus,10.8,13.9,0.935,59.4
Rabbit Key Basin,2000-10-09,5,3,Modulus modulus,9,12.5,0.595,35.9
Rabbit Key Basin,2000-10-09,5,3,Modulus modulus,10,13.9,0.875,59.4
Rabbit Key Basin,2000-10-09,5,3,Modulus modulus,10.8,14,0.868,61.5
Rabbit Key Basin,2000-10-09,5,3,Modulus modulus,8,11.1,0.405,21.7
Rabbit Key Basin,2000-10-09,5,3,Modulus modulus,9.8,14.2,0.743,66.1
Rabbit Key Basin,2000-10-09,5,3,Modulus modulus,9.4,12.7,0.615,38.5
Rabbit Key Basin,2000-10-09,5,3,Modulus modulus,10.5,14.4,0.847,71.1
Rabbit Key Basin,2000-10-09,5,3,Modulus modulus,9.8,13.2,0.696,46.1
Rabbit Key Basin,2000-10-09,5,3,Modulus modulus,9.9,13.7,0.672,55.2
Rabbit Key Basin,2000-10-09,5,3,Modulus modulus,10.6,13.5,0.807,51.4
Rabbit Key Basin,2000-10-09,5,3,Modulus modulus,10,13.7,0.778,55.2
Rabbit Key Basin,2000-10-09,5,3,Modulus modulus,9.2,13.3,0.612,47.8
Rabbit Key Basin,2000-10-09,5,3,Modulus modulus,7.5,11.2,0.355,22.5
Rabbit Key Basin,2000-10-09,5,3,Modulus modulus,8.9,12.3,NA,33.4
Rabbit Key Basin,2000-10-09,5,3,Modulus modulus,11.1,14.9,1.049,85
Rabbit Key Basin,2000-10-09,5,3,Modulus modulus,10.3,13.3,0.729,47.8
Rabbit Key Basin,2000-10-09,5,3,Modulus modulus,10.4,14,0.83,61.5
Rabbit Key Basin,2000-10-09,5,3,Modulus modulus,9.8,13.2,0.734,46.1
Rabbit Key Basin,2000-10-09,5,3,Modulus modulus,7.3,10.7,0.313,18.8
Rabbit Key Basin,2000-10-09,5,3,Modulus modulus,8.1,11.5,0.436,25
Rabbit Key Basin,2000-10-09,5,3,Modulus modulus,6,9.1,0.159,10.6
Rabbit Key Basin,2000-10-09,5,3,Modulus modulus,9.8,14.5,1.184,73.7
Rabbit Key Basin,2000-10-09,5,3,Modulus modulus,6,8.5,0.154,8.5
Rabbit Key Basin,2000-10-09,1,1,Tegula fasciata,9.2,12,0.614,44.3
Rabbit Key Basin,2000-10-09,1,1,Tegula fasciata,10.8,12.8,0.926,56.7
Rabbit Key Basin,2000-10-09,1,1,Tegula fasciata,9.7,12.5,0.856,51.7
Rabbit Key Basin,2000-10-09,2,1,Tegula fasciata,11.4,14.8,1.27,105
Rabbit Key Basin,2000-10-09,2,1,Tegula fasciata,10.2,12.8,0.914,56.7
Rabbit Key Basin,2000-10-09,2,1,Tegula fasciata,10.1,13.1,0.84,62.2
Rabbit Key Basin,2000-10-09,2,1,Tegula fasciata,10.7,13.9,1.107,79.6
Rabbit Key Basin,2000-10-09,2,1,Tegula fasciata,9.2,11.9,0.632,43
Rabbit Key Basin,2000-10-09,2,1,Tegula fasciata,10.7,13.2,0.966,64.1
Rabbit Key Basin,2000-10-09,2,1,Tegula fasciata,11.2,14.1,1.216,84.6
Rabbit Key Basin,2000-10-09,2,1,Tegula fasciata,10.7,12.9,0.928,58.5
Rabbit Key Basin,2000-10-09,2,1,Tegula fasciata,10.4,13.3,0.946,66.1
Rabbit Key Basin,2000-10-09,2,1,Tegula fasciata,9.3,12.3,0.675,48.6
Rabbit Key Basin,2000-10-09,2,1,Tegula fasciata,8.6,12.2,0.614,47.1
Rabbit Key Basin,2000-10-09,2,1,Tegula fasciata,8.6,12,0.599,44.3
Rabbit Key Basin,2000-10-09,2,1,Tegula fasciata,10.5,13.5,0.99,70.3
Rabbit Key Basin,2000-10-09,2,1,Tegula fasciata,10.5,12.8,0.9,56.7
Rabbit Key Basin,2000-10-09,2,1,Tegula fasciata,10.9,13.1,0.99,62.2
Rabbit Key Basin,2000-10-09,2,1,Tegula fasciata,8.1,11.1,0.509,33.6
Rabbit Key Basin,2000-10-09,2,1,Tegula fasciata,9,11.5,0.551,38
Rabbit Key Basin,2000-10-09,2,1,Tegula fasciata,9.5,12.7,0.758,55
Rabbit Key Basin,2000-10-09,3,1,Tegula fasciata,10.5,13.7,1.037,74.8
Rabbit Key Basin,2000-10-09,3,1,Tegula fasciata,10.5,12.9,0.921,58.5
Rabbit Key Basin,2000-10-09,3,1,Tegula fasciata,10.4,13,0.876,60.3
Rabbit Key Basin,2000-10-09,3,1,Tegula fasciata,10.2,13,0.89,60.3
Rabbit Key Basin,2000-10-09,3,1,Tegula fasciata,8.8,12.8,0.723,56.7
Rabbit Key Basin,2000-10-09,3,1,Tegula fasciata,10.8,14,1.203,82
Rabbit Key Basin,2000-10-09,3,1,Tegula fasciata,9.5,12.3,0.7,48.6
Rabbit Key Basin,2000-10-09,3,1,Tegula fasciata,11.3,14,1.116,82
Rabbit Key Basin,2000-10-09,3,1,Tegula fasciata,11,13.3,1.024,66.1
Rabbit Key Basin,2000-10-09,3,1,Tegula fasciata,10.1,13.3,0.86,66.1
Rabbit Key Basin,2000-10-09,3,1,Tegula fasciata,10,12.8,0.815,56.7
Rabbit Key Basin,2000-10-09,3,1,Tegula fasciata,9.2,12.7,0.764,55
Rabbit Key Basin,2000-10-09,3,1,Tegula fasciata,10.5,12.5,0.814,51.7
Rabbit Key Basin,2000-10-09,3,1,Tegula fasciata,9,11.7,0.612,40.4
Rabbit Key Basin,2000-10-09,3,1,Tegula fasciata,9.2,12,0.69,44.3
Rabbit Key Basin,2000-10-09,3,1,Tegula fasciata,9.2,12.7,0.739,55
Rabbit Key Basin,2000-10-09,4,2,Tegula fasciata,9.4,12.5,0.724,51.7
Rabbit Key Basin,2000-10-09,4,2,Tegula fasciata,12.1,14.3,1.41,90
Rabbit Key Basin,2000-10-09,4,2,Tegula fasciata,12.6,14.8,1.513,105
Rabbit Key Basin,2000-10-09,4,2,Tegula fasciata,11.1,14.3,1.227,90
Rabbit Key Basin,2000-10-09,4,2,Tegula fasciata,11.8,14.5,1.253,95.7
Rabbit Key Basin,2000-10-09,4,2,Tegula fasciata,11,14,1.165,82
Rabbit Key Basin,2000-10-09,4,2,Tegula fasciata,11.7,13.8,1.226,77.1
Rabbit Key Basin,2000-10-09,4,2,Tegula fasciata,11.8,14.8,1.28,105
Rabbit Key Basin,2000-10-09,4,2,Tegula fasciata,10.3,13.4,0.978,68.2
Rabbit Key Basin,2000-10-09,4,2,Tegula fasciata,11.2,14,1.16,82
Rabbit Key Basin,2000-10-09,4,2,Tegula fasciata,11.3,13.4,1.088,68.2
Rabbit Key Basin,2000-10-09,4,2,Tegula fasciata,10,13.2,0.881,64.1
Rabbit Key Basin,2000-10-09,4,2,Tegula fasciata,10.4,13.2,0.916,64.1
Rabbit Key Basin,2000-10-09,4,2,Tegula fasciata,9.1,12.5,0.768,51.7
Rabbit Key Basin,2000-10-09,4,2,Tegula fasciata,11.3,13.7,1.168,74.8
Rabbit Key Basin,2000-10-09,4,2,Tegula fasciata,10.6,13,0.974,60.3
Rabbit Key Basin,2000-10-09,4,2,Tegula fasciata,9.3,12.5,0.749,51.7
Rabbit Key Basin,2000-10-09,4,2,Tegula fasciata,9.1,11.7,0.694,40.4
Rabbit Key Basin,2000-10-09,4,2,Tegula fasciata,10.2,12.5,0.855,51.7
Rabbit Key Basin,2000-10-09,4,2,Tegula fasciata,10.2,13.3,1.015,66.1
Rabbit Key Basin,2000-10-09,4,2,Tegula fasciata,5.5,8,0.155,12.9
Rabbit Key Basin,2000-10-09,4,2,Tegula fasciata,11.4,13.5,1.157,70.3
Rabbit Key Basin,2000-10-09,5,3,Tegula fasciata,11.1,13.1,1.017,62.2
Rabbit Key Basin,2000-10-09,5,3,Tegula fasciata,11.2,13.3,1.053,66.1
Rabbit Key Basin,2000-10-09,5,3,Tegula fasciata,11.7,14.9,1.347,108.3
Rabbit Key Basin,2000-10-09,5,3,Tegula fasciata,11.3,13.7,1.075,74.8
Rabbit Key Basin,2000-10-09,5,3,Tegula fasciata,11.5,14.3,1.168,90
Rabbit Key Basin,2000-10-09,5,3,Tegula fasciata,9,12.5,0.681,51.7
Rabbit Key Basin,2000-10-09,5,3,Tegula fasciata,10,12.4,0.762,50.1
Rabbit Key Basin,2000-10-09,5,3,Tegula fasciata,9.7,13,0.827,60.3
Rabbit Key Basin,2000-10-09,5,3,Tegula fasciata,10.5,13.7,1.047,74.8
Rabbit Key Basin,2000-10-09,5,3,Tegula fasciata,10.5,13.2,0.931,64.1
Rabbit Key Basin,2000-10-09,5,3,Tegula fasciata,10.3,12.8,0.869,56.7
Rabbit Key Basin,2000-10-09,5,3,Tegula fasciata,10.5,13.8,1.119,77.1
Rabbit Key Basin,2000-10-09,5,3,Tegula fasciata,10.9,14.2,1.194,87.3
Rabbit Key Basin,2000-10-09,5,3,Tegula fasciata,10.7,14.3,1.121,90
Rabbit Key Basin,2000-10-09,5,3,Tegula fasciata,10.7,12.6,0.88,53.3
Rabbit Key Basin,2000-10-09,5,3,Tegula fasciata,8.8,11.5,0.585,38
Rabbit Key Basin,2000-10-09,5,3,Tegula fasciata,9.3,12.5,0.781,51.7
Rabbit Key Basin,2000-10-09,5,3,Tegula fasciata,9.2,12,0.674,44.3
Rabbit Key Basin,2000-10-09,3,1,Tricolia thalassicola,3.2,2.6,0.012,NA
Rabbit Key Basin,2000-10-09,4,2,Tricolia thalassicola,2.9,2,0.009,NA
Rabbit Key Basin,2000-10-09,1,1,Turbo castanea,15.8,14.1,1.282,117.2
Rabbit Key Basin,2000-10-09,1,1,Turbo castanea,14.3,11.9,0.799,80.3
Rabbit Key Basin,2000-10-09,1,1,Turbo castanea,14.2,12.3,0.883,78.3
Rabbit Key Basin,2000-10-09,1,1,Turbo castanea,12.4,10.8,0.661,49.8
Rabbit Key Basin,2000-10-09,1,1,Turbo castanea,13.3,11.5,0.767,62.5
Rabbit Key Basin,2000-10-09,1,1,Turbo castanea,16.6,14.5,1.369,143.3
Rabbit Key Basin,2000-10-09,1,1,Turbo castanea,16.6,14.1,1.37,143.3
Rabbit Key Basin,2000-10-09,1,1,Turbo castanea,14.1,11.7,0.792,76.4
Rabbit Key Basin,2000-10-09,1,1,Turbo castanea,15.8,13.4,1.143,117.2
Rabbit Key Basin,2000-10-09,1,1,Turbo castanea,15.5,13.9,1.221,108.7
Rabbit Key Basin,2000-10-09,1,1,Turbo castanea,16.9,14.5,1.431,154.5
Rabbit Key Basin,2000-10-09,1,1,Turbo castanea,15.6,14,1.213,111.4
Rabbit Key Basin,2000-10-09,1,1,Turbo castanea,15.8,13.6,1.225,117.2
Rabbit Key Basin,2000-10-09,1,1,Turbo castanea,12.8,10.9,0.709,55.1
Rabbit Key Basin,2000-10-09,1,1,Turbo castanea,13.9,12.2,0.905,72.7
Rabbit Key Basin,2000-10-09,2,1,Turbo castanea,15.1,13.6,1.156,98.3
Rabbit Key Basin,2000-10-09,2,1,Turbo castanea,14.9,12.4,0.955,93.4
Rabbit Key Basin,2000-10-09,2,1,Turbo castanea,15.3,13,1.181,103.3
Rabbit Key Basin,2000-10-09,2,1,Turbo castanea,15.5,13.9,1.116,108.7
Rabbit Key Basin,2000-10-09,2,1,Turbo castanea,16.9,14.3,1.375,154.5
Rabbit Key Basin,2000-10-09,2,1,Turbo castanea,15.2,13.7,1.241,100.8
Rabbit Key Basin,2000-10-09,2,1,Turbo castanea,14.2,12,0.838,78.3
Rabbit Key Basin,2000-10-09,2,1,Turbo castanea,15.5,12.8,1.012,108.7
Rabbit Key Basin,2000-10-09,2,1,Turbo castanea,13.6,12.1,0.792,67.4
Rabbit Key Basin,2000-10-09,2,1,Turbo castanea,15.8,13.5,1.177,117.2
Rabbit Key Basin,2000-10-09,2,1,Turbo castanea,13.2,11.5,0.748,60.9
Rabbit Key Basin,2000-10-09,2,1,Turbo castanea,11.9,11.1,0.596,43.9
Rabbit Key Basin,2000-10-09,2,1,Turbo castanea,12.5,11.1,0.603,51.1
Rabbit Key Basin,2000-10-09,2,1,Turbo castanea,15.6,13,1.084,111.4
Rabbit Key Basin,2000-10-09,2,1,Turbo castanea,14.4,12.3,0.989,82.4
Rabbit Key Basin,2000-10-09,2,1,Turbo castanea,13.1,12.3,0.856,59.4
Rabbit Key Basin,2000-10-09,2,1,Turbo castanea,11.5,10,0.486,39.7
Rabbit Key Basin,2000-10-09,2,1,Turbo castanea,15,12.8,1.029,95.8
Rabbit Key Basin,2000-10-09,2,1,Turbo castanea,17,15,1.559,158.5
Rabbit Key Basin,2000-10-09,2,1,Turbo castanea,8,7.3,0.186,16.5
Rabbit Key Basin,2000-10-09,2,1,Turbo castanea,8.6,7.8,0.23,19.1
Rabbit Key Basin,2000-10-09,2,1,Turbo castanea,11.8,10.3,0.522,42.8
Rabbit Key Basin,2000-10-09,2,1,Turbo castanea,15.4,13.2,1.104,106
Rabbit Key Basin,2000-10-09,2,1,Turbo castanea,12.4,11.1,0.696,49.8
Rabbit Key Basin,2000-10-09,2,1,Turbo castanea,12,10.5,0.547,45
Rabbit Key Basin,2000-10-09,3,1,Turbo castanea,17.5,14.8,1.587,179.7
Rabbit Key Basin,2000-10-09,3,1,Turbo castanea,13.9,12.1,0.795,72.7
Rabbit Key Basin,2000-10-09,3,1,Turbo castanea,15.7,13.3,1.142,114.3
Rabbit Key Basin,2000-10-09,3,1,Turbo castanea,14.6,13.1,1.003,86.6
Rabbit Key Basin,2000-10-09,3,1,Turbo castanea,10.5,9.1,0.364,30.9
Rabbit Key Basin,2000-10-09,3,1,Turbo castanea,16.9,14.5,1.466,154.5
Rabbit Key Basin,2000-10-09,3,1,Turbo castanea,15.2,13,1.145,100.8
Rabbit Key Basin,2000-10-09,3,1,Turbo castanea,15.7,13.1,1.086,114.3
Rabbit Key Basin,2000-10-09,3,1,Turbo castanea,16.5,14.1,1.284,139.8
Rabbit Key Basin,2000-10-09,3,1,Turbo castanea,15.2,13.8,1.204,100.8
Rabbit Key Basin,2000-10-09,3,1,Turbo castanea,16.3,13.8,1.208,132.9
Rabbit Key Basin,2000-10-09,3,1,Turbo castanea,16.4,13.8,1.303,136.3
Rabbit Key Basin,2000-10-09,3,1,Turbo castanea,14.3,12.4,0.958,80.3
Rabbit Key Basin,2000-10-09,3,1,Turbo castanea,17.8,15,1.669,193.8
Rabbit Key Basin,2000-10-09,3,1,Turbo castanea,16.1,13.6,1.173,126.4
Rabbit Key Basin,2000-10-09,3,1,Turbo castanea,14,12.2,0.843,74.5
Rabbit Key Basin,2000-10-09,3,1,Turbo castanea,10.9,9.5,0.428,34.2
Rabbit Key Basin,2000-10-09,3,1,Turbo castanea,11.7,9.8,0.478,41.8
Rabbit Key Basin,2000-10-09,3,1,Turbo castanea,10.8,13.6,1.04,33.3
Rabbit Key Basin,2000-10-09,3,1,Turbo castanea,9.1,12.5,0.669,21.7
Rabbit Key Basin,2000-10-09,3,1,Turbo castanea,10.5,13.3,0.973,30.9
Rabbit Key Basin,2000-10-09,4,2,Turbo castanea,17.9,15.5,1.864,198.8
Rabbit Key Basin,2000-10-09,4,2,Turbo castanea,15.8,13.2,1.166,117.2
Rabbit Key Basin,2000-10-09,4,2,Turbo castanea,13.9,12.6,0.933,72.7
Rabbit Key Basin,2000-10-09,4,2,Turbo castanea,16.1,13.5,1.224,126.4
Rabbit Key Basin,2000-10-09,4,2,Turbo castanea,16.8,14.9,1.561,150.7
Rabbit Key Basin,2000-10-09,4,2,Turbo castanea,17,14.2,1.353,158.5
Rabbit Key Basin,2000-10-09,4,2,Turbo castanea,15.5,13.9,1.221,108.7
Rabbit Key Basin,2000-10-09,4,2,Turbo castanea,14.3,12.8,0.984,80.3
Rabbit Key Basin,2000-10-09,4,2,Turbo castanea,15,12.9,1.019,95.8
Rabbit Key Basin,2000-10-09,4,2,Turbo castanea,14.9,12.7,1.01,93.4
Rabbit Key Basin,2000-10-09,4,2,Turbo castanea,16.3,14.3,1.447,132.9
Rabbit Key Basin,2000-10-09,4,2,Turbo castanea,13.9,12.2,0.903,72.7
Rabbit Key Basin,2000-10-09,4,2,Turbo castanea,15.7,13.3,1.184,114.3
Rabbit Key Basin,2000-10-09,4,2,Turbo castanea,15.6,13.2,1.185,111.4
Rabbit Key Basin,2000-10-09,4,2,Turbo castanea,15.9,13.7,1.211,120.2
Rabbit Key Basin,2000-10-09,4,2,Turbo castanea,14.9,12.8,1.042,93.4
Rabbit Key Basin,2000-10-09,4,2,Turbo castanea,13.5,11.9,0.801,65.7
Rabbit Key Basin,2000-10-09,4,2,Turbo castanea,13.5,12.2,0.868,65.7
Rabbit Key Basin,2000-10-09,4,2,Turbo castanea,16.5,13.7,1.229,139.8
Rabbit Key Basin,2000-10-09,4,2,Turbo castanea,16.7,13.7,1.447,147
Rabbit Key Basin,2000-10-09,4,2,Turbo castanea,14.8,12.6,0.98,91.1
Rabbit Key Basin,2000-10-09,4,2,Turbo castanea,15.3,12.5,0.953,103.3
Rabbit Key Basin,2000-10-09,4,2,Turbo castanea,16.7,13.9,1.378,147
Rabbit Key Basin,2000-10-09,4,2,Turbo castanea,14,12,0.852,74.5
Rabbit Key Basin,2000-10-09,4,2,Turbo castanea,8.7,8.2,0.246,19.6
Rabbit Key Basin,2000-10-09,4,2,Turbo castanea,14.5,12.4,0.876,84.5
Rabbit Key Basin,2000-10-09,4,2,Turbo castanea,14.1,12.3,0.874,76.4
Rabbit Key Basin,2000-10-09,4,2,Turbo castanea,11.8,10.2,0.592,42.8
Rabbit Key Basin,2000-10-09,4,2,Turbo castanea,12.9,11.2,0.716,56.5
Rabbit Key Basin,2000-10-09,4,2,Turbo castanea,16.1,14.2,NA,126.4
Rabbit Key Basin,2000-10-09,5,3,Turbo castanea,15.5,13.2,1.128,108.7
Rabbit Key Basin,2000-10-09,5,3,Turbo castanea,13.5,12.3,0.872,65.7
Rabbit Key Basin,2000-10-09,5,3,Turbo castanea,16.1,14.7,1.406,126.4
Rabbit Key Basin,2000-10-09,5,3,Turbo castanea,17.6,14.9,1.59,184.3
Rabbit Key Basin,2000-10-09,5,3,Turbo castanea,17.8,16,1.819,193.8
Rabbit Key Basin,2000-10-09,5,3,Turbo castanea,15.6,13.7,1.225,111.4
Rabbit Key Basin,2000-10-09,5,3,Turbo castanea,15.1,13.1,1.003,98.3
Rabbit Key Basin,2000-10-09,5,3,Turbo castanea,13.7,12.7,0.978,69.1
Rabbit Key Basin,2000-10-09,5,3,Turbo castanea,14,12,0.807,74.5
Rabbit Key Basin,2000-10-09,5,3,Turbo castanea,13.8,11.8,0.776,70.8
Rabbit Key Basin,2000-10-09,5,3,Turbo castanea,12.4,11.1,0.657,49.8
Rabbit Key Basin,2000-10-09,5,3,Turbo castanea,15.2,13.2,NA,100.8
Rabbit Key Basin,2000-10-09,5,3,Turbo castanea,17,14.6,1.455,158.5
Rabbit Key Basin,2000-10-09,5,3,Turbo castanea,15.1,13.4,1.139,98.3
Rabbit Key Basin,2000-10-09,5,3,Turbo castanea,14.8,12.5,0.929,91.1
Rabbit Key Basin,2000-10-09,5,3,Turbo castanea,13,11.7,0.802,57.9
Rabbit Key Basin,2000-10-09,5,3,Turbo castanea,16,13.7,1.208,123.2
Rabbit Key Basin,2000-10-09,5,3,Turbo castanea,10.7,9.8,0.426,32.5
Rabbit Key Basin,2000-10-09,5,3,Turbo castanea,15.8,14,1.364,117.2
Rabbit Key Basin,2000-10-09,5,3,Turbo castanea,15.4,14,1.254,106
Rabbit Key Basin,2000-10-09,5,3,Turbo castanea,12.7,11.2,0.648,53.7
Rabbit Key Basin,2000-10-09,5,3,Turbo castanea,9.1,8.4,0.295,21.7
Rabbit Key Basin,2000-10-09,5,3,Turbo castanea,10.7,9.7,0.444,32.5
Rabbit Key Basin,2000-10-09,1,1,Zafrona taylorae,7.7,3.2,0.042,NA
Rabbit Key Basin,2000-10-09,1,1,Zafrona taylorae,7.7,3.7,0.05,NA
Rabbit Key Basin,2000-10-09,1,1,Zafrona taylorae,9.3,4.6,0.092,NA
Rabbit Key Basin,2000-10-09,2,1,Zafrona taylorae,8.1,3.8,0.057,NA
Rabbit Key Basin,2000-10-09,2,1,Zafrona taylorae,8,3.5,0.045,NA
Rabbit Key Basin,2000-10-09,2,1,Zafrona taylorae,8.6,4.3,0.065,NA
Rabbit Key Basin,2000-10-09,2,1,Zafrona taylorae,9.2,4.3,0.075,NA
Rabbit Key Basin,2000-10-09,3,1,Zafrona taylorae,8.4,4,0.053,NA
Rabbit Key Basin,2000-10-09,3,1,Zafrona taylorae,8.7,4.2,0.066,NA
Rabbit Key Basin,2000-10-09,3,1,Zafrona taylorae,8.6,4.1,0.075,NA
Rabbit Key Basin,2000-10-09,3,1,Zafrona taylorae,8.2,3.3,0.049,NA
Rabbit Key Basin,2000-10-09,3,1,Zafrona taylorae,8.8,4.2,0.068,NA
Rabbit Key Basin,2000-10-09,3,1,Zafrona taylorae,8.1,3.4,0.048,NA
Rabbit Key Basin,2000-10-09,3,1,Zafrona taylorae,8.8,3.7,0.061,NA
Rabbit Key Basin,2000-10-09,4,2,Zafrona taylorae,8.3,3.6,NA,NA
Rabbit Key Basin,2000-10-09,5,3,Zafrona taylorae,9.4,4.5,0.074,NA
Rabbit Key Basin,2000-10-09,5,3,Zafrona taylorae,8.5,4.1,0.068,NA
Rabbit Key Basin,2000-10-09,5,3,Zafrona taylorae,8.5,3.9,0.068,NA
Rabbit Key Basin,2000-10-09,5,3,Zafrona taylorae,8.9,4.5,0.083,NA
Rabbit Key Basin,2000-10-09,5,3,Zafrona taylorae,9.2,4.2,0.087,NA
Rabbit Key Basin,2000-10-09,5,3,Zafrona taylorae,8.8,3.7,0.06,NA
Rabbit Key Basin,2000-10-09,5,3,Zafrona taylorae,6.1,2.6,0.032,NA
Rabbit Key Basin,2000-12-08,4,1,Astrea phoebia,5.6,18.2,0.391,63.8
Rabbit Key Basin,2000-12-08,4,1,Astrea phoebia,7.1,20,0.763,77
Rabbit Key Basin,2000-12-08,2,1,Cerithium eburneum,25,10.1,0.879,NA
Rabbit Key Basin,2000-12-08,2,1,Cerithium eburneum,23.5,10.6,0.925,NA
Rabbit Key Basin,2000-12-08,2,1,Cerithium eburneum,22.3,9.1,0.684,NA
Rabbit Key Basin,2000-12-08,2,1,Cerithium muscarum,16,5,0.215,NA
Rabbit Key Basin,2000-12-08,3,1,Cerithium muscarum,8.9,7.6,0.453,NA
Rabbit Key Basin,2000-12-08,1,1,Columbella rusticoides,14.3,7,0.384,NA
Rabbit Key Basin,2000-12-08,2,1,Columbella rusticoides,15.3,7.5,0.473,NA
Rabbit Key Basin,2000-12-08,3,1,Columbella rusticoides,14,7,0.316,NA
Rabbit Key Basin,2000-12-08,5,1,Columbella rusticoides,14.6,7.7,0.502,NA
Rabbit Key Basin,2000-12-08,6,1,Columbella rusticoides,15.1,8,0.551,NA
Rabbit Key Basin,2000-12-08,1,1,Modulus modulus,10.5,13.3,0.878,47.8
Rabbit Key Basin,2000-12-08,1,1,Modulus modulus,11.3,13.5,0.983,51.4
Rabbit Key Basin,2000-12-08,1,1,Modulus modulus,9.5,12.6,0.668,37.2
Rabbit Key Basin,2000-12-08,1,1,Modulus modulus,10.2,13.4,0.852,49.6
Rabbit Key Basin,2000-12-08,1,1,Modulus modulus,9.6,12.8,0.791,40
Rabbit Key Basin,2000-12-08,1,1,Modulus modulus,9.6,13,0.755,42.9
Rabbit Key Basin,2000-12-08,1,1,Modulus modulus,10.5,14.2,0.957,66.1
Rabbit Key Basin,2000-12-08,2,1,Modulus modulus,10,12.9,0.707,41.4
Rabbit Key Basin,2000-12-08,2,1,Modulus modulus,9.5,13.6,0.786,53.3
Rabbit Key Basin,2000-12-08,2,1,Modulus modulus,10,13.5,0.816,51.4
Rabbit Key Basin,2000-12-08,2,1,Modulus modulus,9.8,12.7,0.752,38.5
Rabbit Key Basin,2000-12-08,2,1,Modulus modulus,10.2,14,0.839,61.5
Rabbit Key Basin,2000-12-08,2,1,Modulus modulus,10.8,13.8,0.953,57.3
Rabbit Key Basin,2000-12-08,2,1,Modulus modulus,10.4,13.5,0.848,51.4
Rabbit Key Basin,2000-12-08,2,1,Modulus modulus,10.8,13.9,0.847,59.4
Rabbit Key Basin,2000-12-08,2,1,Modulus modulus,10,13,0.771,42.9
Rabbit Key Basin,2000-12-08,2,1,Modulus modulus,10.1,13.3,0.791,47.8
Rabbit Key Basin,2000-12-08,2,1,Modulus modulus,9.8,13.4,0.846,49.6
Rabbit Key Basin,2000-12-08,2,1,Modulus modulus,10.4,13.4,0.806,49.6
Rabbit Key Basin,2000-12-08,2,1,Modulus modulus,10,12.7,0.713,38.5
Rabbit Key Basin,2000-12-08,2,1,Modulus modulus,7.8,10.8,0.361,19.5
Rabbit Key Basin,2000-12-08,2,1,Modulus modulus,9.7,12.3,0.633,33.4
Rabbit Key Basin,2000-12-08,2,1,Modulus modulus,9.4,12.5,0.7,35.9
Rabbit Key Basin,2000-12-08,3,1,Modulus modulus,10.5,13.5,0.876,51.4
Rabbit Key Basin,2000-12-08,3,1,Modulus modulus,11.8,15.2,1.26,94.7
Rabbit Key Basin,2000-12-08,3,1,Modulus modulus,10.3,13.8,0.927,57.3
Rabbit Key Basin,2000-12-08,3,1,Modulus modulus,9.8,13,0.842,42.9
Rabbit Key Basin,2000-12-08,3,1,Modulus modulus,11.7,13.9,1.074,59.4
Rabbit Key Basin,2000-12-08,3,1,Modulus modulus,10.7,14,1.014,61.5
Rabbit Key Basin,2000-12-08,3,1,Modulus modulus,11.2,13.2,0.893,46.1
Rabbit Key Basin,2000-12-08,3,1,Modulus modulus,8.9,12.9,0.711,41.4
Rabbit Key Basin,2000-12-08,3,1,Modulus modulus,10.5,14,0.848,61.5
Rabbit Key Basin,2000-12-08,3,1,Modulus modulus,11.2,15,1.199,88.2
Rabbit Key Basin,2000-12-08,3,1,Modulus modulus,10.2,13.9,0.895,59.4
Rabbit Key Basin,2000-12-08,3,1,Modulus modulus,10.4,13.5,0.825,51.4
Rabbit Key Basin,2000-12-08,3,1,Modulus modulus,9.5,11.8,0.666,27.9
Rabbit Key Basin,2000-12-08,3,1,Modulus modulus,10,14,0.838,61.5
Rabbit Key Basin,2000-12-08,4,1,Modulus modulus,10,13.5,0.834,51.4
Rabbit Key Basin,2000-12-08,4,1,Modulus modulus,10.3,13,0.875,42.9
Rabbit Key Basin,2000-12-08,4,1,Modulus modulus,9.8,12.4,0.638,34.6
Rabbit Key Basin,2000-12-08,4,1,Modulus modulus,7.4,10.3,0.294,16.3
Rabbit Key Basin,2000-12-08,4,1,Modulus modulus,7.1,9.8,0.245,13.6
Rabbit Key Basin,2000-12-08,5,1,Modulus modulus,9.8,13,0.762,42.9
Rabbit Key Basin,2000-12-08,5,1,Modulus modulus,9.7,13.3,0.783,47.8
Rabbit Key Basin,2000-12-08,5,1,Modulus modulus,9.8,12.7,0.743,38.5
Rabbit Key Basin,2000-12-08,5,1,Modulus modulus,10,14,0.89,61.5
Rabbit Key Basin,2000-12-08,5,1,Modulus modulus,10.8,13.9,0.902,59.4
Rabbit Key Basin,2000-12-08,5,1,Modulus modulus,10.2,14,1.017,61.5
Rabbit Key Basin,2000-12-08,5,1,Modulus modulus,9,12.2,0.589,32.2
Rabbit Key Basin,2000-12-08,5,1,Modulus modulus,10,14.2,0.934,66.1
Rabbit Key Basin,2000-12-08,5,1,Modulus modulus,9.4,12.2,0.656,32.2
Rabbit Key Basin,2000-12-08,6,1,Modulus modulus,9.6,13.5,0.812,51.4
Rabbit Key Basin,2000-12-08,6,1,Modulus modulus,9.4,13.4,0.725,49.6
Rabbit Key Basin,2000-12-08,6,1,Modulus modulus,10.2,13.7,0.764,55.2
Rabbit Key Basin,2000-12-08,6,1,Modulus modulus,9.5,13.1,0.718,44.5
Rabbit Key Basin,2000-12-08,6,1,Modulus modulus,10,12.6,0.718,37.2
Rabbit Key Basin,2000-12-08,6,1,Modulus modulus,9.1,12,0.614,30
Rabbit Key Basin,2000-12-08,6,1,Modulus modulus,5.9,8.4,0.139,8.2
Rabbit Key Basin,2000-12-08,1,1,Tegula fasciata,12.7,15,1.588,111.6
Rabbit Key Basin,2000-12-08,1,1,Tegula fasciata,13.5,15.1,1.733,115.1
Rabbit Key Basin,2000-12-08,1,1,Tegula fasciata,12,14.5,1.56,95.7
Rabbit Key Basin,2000-12-08,1,1,Tegula fasciata,11.8,14.5,1.253,95.7
Rabbit Key Basin,2000-12-08,1,1,Tegula fasciata,12.3,15.5,1.602,130.2
Rabbit Key Basin,2000-12-08,1,1,Tegula fasciata,11.5,15,1.412,111.6
Rabbit Key Basin,2000-12-08,1,1,Tegula fasciata,12,14.5,1.307,95.7
Rabbit Key Basin,2000-12-08,1,1,Tegula fasciata,12.3,14,1.348,82
Rabbit Key Basin,2000-12-08,1,1,Tegula fasciata,12.5,14.5,1.423,95.7
Rabbit Key Basin,2000-12-08,2,1,Tegula fasciata,15.3,17.2,1.819,219.8
Rabbit Key Basin,2000-12-08,2,1,Tegula fasciata,12.2,14.9,1.448,108.3
Rabbit Key Basin,2000-12-08,2,1,Tegula fasciata,11.2,15,1.362,111.6
Rabbit Key Basin,2000-12-08,2,1,Tegula fasciata,12.7,15.2,1.668,118.7
Rabbit Key Basin,2000-12-08,2,1,Tegula fasciata,12,14.7,1.396,101.8
Rabbit Key Basin,2000-12-08,2,1,Tegula fasciata,12.5,15.2,1.441,118.7
Rabbit Key Basin,2000-12-08,2,1,Tegula fasciata,12.2,15.5,1.572,130.2
Rabbit Key Basin,2000-12-08,2,1,Tegula fasciata,11.5,13.7,1.187,74.8
Rabbit Key Basin,2000-12-08,2,1,Tegula fasciata,11.8,14.5,1.386,95.7
Rabbit Key Basin,2000-12-08,2,1,Tegula fasciata,12.2,14.9,1.443,108.3
Rabbit Key Basin,2000-12-08,2,1,Tegula fasciata,12,14.7,1.34,101.8
Rabbit Key Basin,2000-12-08,2,1,Tegula fasciata,12.8,14.5,1.331,95.7
Rabbit Key Basin,2000-12-08,2,1,Tegula fasciata,11.9,14.5,1.206,95.7
Rabbit Key Basin,2000-12-08,2,1,Tegula fasciata,11.5,14.3,1.217,90
Rabbit Key Basin,2000-12-08,2,1,Tegula fasciata,10.7,13.5,0.956,70.3
Rabbit Key Basin,2000-12-08,2,1,Tegula fasciata,11.8,14.5,1.226,95.7
Rabbit Key Basin,2000-12-08,3,1,Tegula fasciata,11.2,14.3,1.211,90
Rabbit Key Basin,2000-12-08,3,1,Tegula fasciata,13,15.6,1.806,134.3
Rabbit Key Basin,2000-12-08,3,1,Tegula fasciata,11.2,14.2,1.156,87.3
Rabbit Key Basin,2000-12-08,3,1,Tegula fasciata,11.7,15.2,1.514,118.7
Rabbit Key Basin,2000-12-08,3,1,Tegula fasciata,11.4,14.2,1.185,87.3
Rabbit Key Basin,2000-12-08,3,1,Tegula fasciata,11.5,14.1,1.24,84.6
Rabbit Key Basin,2000-12-08,3,1,Tegula fasciata,13,15.7,1.696,138.5
Rabbit Key Basin,2000-12-08,3,1,Tegula fasciata,10.3,13.2,0.887,64.1
Rabbit Key Basin,2000-12-08,4,1,Tegula fasciata,13.2,15.7,1.738,138.5
Rabbit Key Basin,2000-12-08,4,1,Tegula fasciata,12.4,15.8,1.743,142.8
Rabbit Key Basin,2000-12-08,4,1,Tegula fasciata,13.1,15.7,1.739,138.5
Rabbit Key Basin,2000-12-08,4,1,Tegula fasciata,11.5,15.1,1.519,115.1
Rabbit Key Basin,2000-12-08,4,1,Tegula fasciata,12.5,15.6,1.584,134.3
Rabbit Key Basin,2000-12-08,4,1,Tegula fasciata,13.5,16,1.807,151.9
Rabbit Key Basin,2000-12-08,4,1,Tegula fasciata,13.2,16.7,1.794,188.5
Rabbit Key Basin,2000-12-08,4,1,Tegula fasciata,12.3,14.7,1.554,101.8
Rabbit Key Basin,2000-12-08,4,1,Tegula fasciata,12.5,15.6,1.444,134.3
Rabbit Key Basin,2000-12-08,4,1,Tegula fasciata,12.9,14.8,1.57,105
Rabbit Key Basin,2000-12-08,4,1,Tegula fasciata,11,14.1,1.227,84.6
Rabbit Key Basin,2000-12-08,4,1,Tegula fasciata,13.1,15.3,1.698,122.5
Rabbit Key Basin,2000-12-08,4,1,Tegula fasciata,11.4,15,1.344,111.6
Rabbit Key Basin,2000-12-08,4,1,Tegula fasciata,11,13.8,1.096,77.1
Rabbit Key Basin,2000-12-08,4,1,Tegula fasciata,12.8,14.6,1.554,98.7
Rabbit Key Basin,2000-12-08,4,1,Tegula fasciata,11.4,13.9,1.173,79.6
Rabbit Key Basin,2000-12-08,4,1,Tegula fasciata,11.8,14.9,1.42,108.3
Rabbit Key Basin,2000-12-08,4,1,Tegula fasciata,10.5,13.6,1.155,72.5
Rabbit Key Basin,2000-12-08,4,1,Tegula fasciata,9.7,13.3,0.848,66.1
Rabbit Key Basin,2000-12-08,4,1,Tegula fasciata,8.8,12.7,0.73,55
Rabbit Key Basin,2000-12-08,5,1,Tegula fasciata,12.2,15.4,1.587,126.3
Rabbit Key Basin,2000-12-08,5,1,Tegula fasciata,13.8,15,1.68,111.6
Rabbit Key Basin,2000-12-08,5,1,Tegula fasciata,11.3,13.9,1.112,79.6
Rabbit Key Basin,2000-12-08,5,1,Tegula fasciata,11.5,14.8,1.395,105
Rabbit Key Basin,2000-12-08,5,1,Tegula fasciata,11.6,14.8,1.333,105
Rabbit Key Basin,2000-12-08,5,1,Tegula fasciata,12,14.8,1.307,105
Rabbit Key Basin,2000-12-08,5,1,Tegula fasciata,11.9,14.6,1.389,98.7
Rabbit Key Basin,2000-12-08,5,1,Tegula fasciata,12.4,14.8,1.399,105
Rabbit Key Basin,2000-12-08,5,1,Tegula fasciata,10.8,14.2,1.075,87.3
Rabbit Key Basin,2000-12-08,5,1,Tegula fasciata,10.9,12.9,1,58.5
Rabbit Key Basin,2000-12-08,6,1,Tegula fasciata,13.2,15.8,1.813,142.8
Rabbit Key Basin,2000-12-08,6,1,Tegula fasciata,8.8,12.1,0.636,45.7
Rabbit Key Basin,2000-12-08,6,1,Tegula fasciata,13,15.9,1.721,147.3
Rabbit Key Basin,2000-12-08,6,1,Tegula fasciata,11.6,13.7,1.225,74.8
Rabbit Key Basin,2000-12-08,6,1,Tegula fasciata,11.9,14.8,1.513,105
Rabbit Key Basin,2000-12-08,6,1,Tegula fasciata,12.8,15.3,1.46,122.5
Rabbit Key Basin,2000-12-08,6,1,Tegula fasciata,11.6,15.1,1.381,115.1
Rabbit Key Basin,2000-12-08,6,1,Tegula fasciata,12.2,15.3,1.424,122.5
Rabbit Key Basin,2000-12-08,6,1,Tegula fasciata,13.2,16,1.859,151.9
Rabbit Key Basin,2000-12-08,6,1,Tegula fasciata,12.7,15.4,1.562,126.3
Rabbit Key Basin,2000-12-08,6,1,Tegula fasciata,10.7,13.5,1.046,70.3
Rabbit Key Basin,2000-12-08,6,1,Tegula fasciata,9.9,13.5,0.977,70.3
Rabbit Key Basin,2000-12-08,6,1,Tegula fasciata,12.5,14.8,1.442,105
Rabbit Key Basin,2000-12-08,6,1,Tegula fasciata,12.8,15.7,1.605,138.5
Rabbit Key Basin,2000-12-08,6,1,Tegula fasciata,11.8,14.1,1.278,84.6
Rabbit Key Basin,2000-12-08,6,1,Tegula fasciata,12.3,14.4,1.368,92.8
Rabbit Key Basin,2000-12-08,6,1,Tegula fasciata,13.7,15.5,1.817,130.2
Rabbit Key Basin,2000-12-08,6,1,Tegula fasciata,12,15,1.433,111.6
Rabbit Key Basin,2000-12-08,6,1,Tegula fasciata,13,14.7,1.568,101.8
Rabbit Key Basin,2000-12-08,6,1,Tegula fasciata,12,14.9,1.358,108.3
Rabbit Key Basin,2000-12-08,6,1,Tegula fasciata,13,14.4,1.513,92.8
Rabbit Key Basin,2000-12-08,6,1,Tegula fasciata,12.3,14.4,1.268,92.8
Rabbit Key Basin,2000-12-08,6,1,Tegula fasciata,10.7,13.5,0.993,70.3
Rabbit Key Basin,2000-12-08,6,1,Tricolia thalassicola,3.9,3.1,0.021,NA
Rabbit Key Basin,2000-12-08,1,1,Turbo castanea,21.1,18.4,2.614,444.6
Rabbit Key Basin,2000-12-08,1,1,Turbo castanea,18.7,15.8,1.932,243.1
Rabbit Key Basin,2000-12-08,1,1,Turbo castanea,19,17.8,2.486,262.1
Rabbit Key Basin,2000-12-08,1,1,Turbo castanea,21.1,18.2,2.738,444.6
Rabbit Key Basin,2000-12-08,1,1,Turbo castanea,20.8,16.7,2.313,412.3
Rabbit Key Basin,2000-12-08,1,1,Turbo castanea,19.4,16.8,2.176,289.9
Rabbit Key Basin,2000-12-08,1,1,Turbo castanea,15.8,13.7,1.338,117.2
Rabbit Key Basin,2000-12-08,1,1,Turbo castanea,18,15.9,1.975,203.8
Rabbit Key Basin,2000-12-08,1,1,Turbo castanea,16.5,13.5,1.274,139.8
Rabbit Key Basin,2000-12-08,1,1,Turbo castanea,20.7,17,2.515,402.1
Rabbit Key Basin,2000-12-08,1,1,Turbo castanea,17.6,15.2,1.713,184.3
Rabbit Key Basin,2000-12-08,2,1,Turbo castanea,19,15.9,1.93,262.1
Rabbit Key Basin,2000-12-08,2,1,Turbo castanea,18.7,16,2.032,243.1
Rabbit Key Basin,2000-12-08,2,1,Turbo castanea,16.7,14.8,1.522,147
Rabbit Key Basin,2000-12-08,2,1,Turbo castanea,20.4,17.2,2.315,372.8
Rabbit Key Basin,2000-12-08,2,1,Turbo castanea,16.8,15.5,1.662,150.7
Rabbit Key Basin,2000-12-08,2,1,Turbo castanea,16,14.3,1.358,123.2
Rabbit Key Basin,2000-12-08,2,1,Turbo castanea,18.7,17.1,2.143,243.1
Rabbit Key Basin,2000-12-08,2,1,Turbo castanea,19.4,17,2.278,289.9
Rabbit Key Basin,2000-12-08,2,1,Turbo castanea,16.5,15.5,1.583,139.8
Rabbit Key Basin,2000-12-08,2,1,Turbo castanea,17.4,15,1.663,175.3
Rabbit Key Basin,2000-12-08,2,1,Turbo castanea,17.7,15.6,1.745,189
Rabbit Key Basin,2000-12-08,2,1,Turbo castanea,16.8,15,1.511,150.7
Rabbit Key Basin,2000-12-08,2,1,Turbo castanea,16.6,14.9,1.423,143.3
Rabbit Key Basin,2000-12-08,2,1,Turbo castanea,17.5,15.1,1.605,179.7
Rabbit Key Basin,2000-12-08,2,1,Turbo castanea,16,14.5,1.337,123.2
Rabbit Key Basin,2000-12-08,2,1,Turbo castanea,18,16.4,1.843,203.8
Rabbit Key Basin,2000-12-08,2,1,Turbo castanea,17.6,15.6,1.828,184.3
Rabbit Key Basin,2000-12-08,2,1,Turbo castanea,17.5,14.4,1.425,179.7
Rabbit Key Basin,2000-12-08,2,1,Turbo castanea,14.2,12.3,0.893,78.3
Rabbit Key Basin,2000-12-08,3,1,Turbo castanea,19.2,16.1,2.065,275.7
Rabbit Key Basin,2000-12-08,3,1,Turbo castanea,18,15,1.676,203.8
Rabbit Key Basin,2000-12-08,3,1,Turbo castanea,18.4,16.1,2.052,225.4
Rabbit Key Basin,2000-12-08,3,1,Turbo castanea,16.6,15,1.553,143.3
Rabbit Key Basin,2000-12-08,3,1,Turbo castanea,18.5,16,1.764,231.1
Rabbit Key Basin,2000-12-08,3,1,Turbo castanea,16.7,14.9,1.499,147
Rabbit Key Basin,2000-12-08,3,1,Turbo castanea,18.4,15.4,1.94,225.4
Rabbit Key Basin,2000-12-08,3,1,Turbo castanea,19.3,17.9,2.414,282.7
Rabbit Key Basin,2000-12-08,3,1,Turbo castanea,20.1,17.4,2.352,345.7
Rabbit Key Basin,2000-12-08,3,1,Turbo castanea,18.3,16.1,1.923,219.8
Rabbit Key Basin,2000-12-08,3,1,Turbo castanea,19.5,18.8,2.303,297.3
Rabbit Key Basin,2000-12-08,3,1,Turbo castanea,16,14.3,1.388,123.2
Rabbit Key Basin,2000-12-08,3,1,Turbo castanea,19,16.2,1.973,262.1
Rabbit Key Basin,2000-12-08,3,1,Turbo castanea,17.1,14.3,1.4,162.5
Rabbit Key Basin,2000-12-08,3,1,Turbo castanea,17.4,15.5,1.594,175.3
Rabbit Key Basin,2000-12-08,3,1,Turbo castanea,18,15.2,1.783,203.8
Rabbit Key Basin,2000-12-08,3,1,Turbo castanea,17.5,14.9,1.611,179.7
Rabbit Key Basin,2000-12-08,3,1,Turbo castanea,19.4,16,2.156,289.9
Rabbit Key Basin,2000-12-08,3,1,Turbo castanea,16.2,15.2,1.612,129.6
Rabbit Key Basin,2000-12-08,3,1,Turbo castanea,14.2,12.1,0.927,78.3
Rabbit Key Basin,2000-12-08,4,1,Turbo castanea,19.1,15.9,1.953,268.8
Rabbit Key Basin,2000-12-08,4,1,Turbo castanea,20.9,17.9,2.791,422.8
Rabbit Key Basin,2000-12-08,4,1,Turbo castanea,19.6,17.8,2.66,304.8
Rabbit Key Basin,2000-12-08,4,1,Turbo castanea,20,17.6,2.743,337.1
Rabbit Key Basin,2000-12-08,4,1,Turbo castanea,19.5,17,2.332,297.3
Rabbit Key Basin,2000-12-08,4,1,Turbo castanea,19.4,15.8,1.844,289.9
Rabbit Key Basin,2000-12-08,4,1,Turbo castanea,19,16.4,2.8,262.1
Rabbit Key Basin,2000-12-08,4,1,Turbo castanea,19.2,17.1,2.232,275.7
Rabbit Key Basin,2000-12-08,4,1,Turbo castanea,18.5,15.6,1.913,231.1
Rabbit Key Basin,2000-12-08,4,1,Turbo castanea,16.3,14.5,1.413,132.9
Rabbit Key Basin,2000-12-08,4,1,Turbo castanea,18,15.9,1.825,203.8
Rabbit Key Basin,2000-12-08,4,1,Turbo castanea,19.9,16.5,2.284,328.7
Rabbit Key Basin,2000-12-08,4,1,Turbo castanea,18.2,16.2,1.763,214.3
Rabbit Key Basin,2000-12-08,4,1,Turbo castanea,18.4,16.2,1.919,225.4
Rabbit Key Basin,2000-12-08,4,1,Turbo castanea,19.5,16.4,2.257,297.3
Rabbit Key Basin,2000-12-08,4,1,Turbo castanea,17.4,14.5,1.613,175.3
Rabbit Key Basin,2000-12-08,4,1,Turbo castanea,14.5,12.8,1.014,84.5
Rabbit Key Basin,2000-12-08,5,1,Turbo castanea,21.3,17.9,1.675,467.6
Rabbit Key Basin,2000-12-08,5,1,Turbo castanea,19,16.6,2.085,262.1
Rabbit Key Basin,2000-12-08,5,1,Turbo castanea,20.8,18,2.489,412.3
Rabbit Key Basin,2000-12-08,5,1,Turbo castanea,20.5,17.4,2.508,382.3
Rabbit Key Basin,2000-12-08,5,1,Turbo castanea,19.2,17.4,2.266,275.7
Rabbit Key Basin,2000-12-08,5,1,Turbo castanea,18.2,16.5,2.123,214.3
Rabbit Key Basin,2000-12-08,5,1,Turbo castanea,20.6,17.3,2.486,392.1
Rabbit Key Basin,2000-12-08,5,1,Turbo castanea,20.6,17.8,2.655,392.1
Rabbit Key Basin,2000-12-08,5,1,Turbo castanea,19.2,16.5,1.894,275.7
Rabbit Key Basin,2000-12-08,5,1,Turbo castanea,19.1,15.5,1.777,268.8
Rabbit Key Basin,2000-12-08,5,1,Turbo castanea,18.8,16.8,2.002,249.3
Rabbit Key Basin,2000-12-08,5,1,Turbo castanea,19.1,16.7,2.099,268.8
Rabbit Key Basin,2000-12-08,5,1,Turbo castanea,19.8,17.9,2.505,320.6
Rabbit Key Basin,2000-12-08,5,1,Turbo castanea,18.4,16.1,1.845,225.4
Rabbit Key Basin,2000-12-08,5,1,Turbo castanea,17.1,14.1,1.335,162.5
Rabbit Key Basin,2000-12-08,5,1,Turbo castanea,17.5,14.3,1.547,179.7
Rabbit Key Basin,2000-12-08,5,1,Turbo castanea,19,16.2,1.913,262.1
Rabbit Key Basin,2000-12-08,5,1,Turbo castanea,18,15.5,1.767,203.8
Rabbit Key Basin,2000-12-08,5,1,Turbo castanea,18,15.6,1.715,203.8
Rabbit Key Basin,2000-12-08,5,1,Turbo castanea,20,16.9,2.157,337.1
Rabbit Key Basin,2000-12-08,5,1,Turbo castanea,18,15.4,1.929,203.8
Rabbit Key Basin,2000-12-08,5,1,Turbo castanea,16.6,14.8,1.552,143.3
Rabbit Key Basin,2000-12-08,5,1,Turbo castanea,17.5,15.8,1.758,179.7
Rabbit Key Basin,2000-12-08,5,1,Turbo castanea,18.1,15.8,1.828,209
Rabbit Key Basin,2000-12-08,5,1,Turbo castanea,17.4,14.9,1.651,175.3
Rabbit Key Basin,2000-12-08,5,1,Turbo castanea,17.6,14.6,1.492,184.3
Rabbit Key Basin,2000-12-08,5,1,Turbo castanea,17.9,15.6,1.64,198.8
Rabbit Key Basin,2000-12-08,5,1,Turbo castanea,15.8,13.3,1.157,117.2
Rabbit Key Basin,2000-12-08,5,1,Turbo castanea,18.6,15.5,1.801,237
Rabbit Key Basin,2000-12-08,5,1,Turbo castanea,17.7,16,1.725,189
Rabbit Key Basin,2000-12-08,5,1,Turbo castanea,16.7,14.8,1.458,147
Rabbit Key Basin,2000-12-08,5,1,Turbo castanea,17.1,14,1.336,162.5
Rabbit Key Basin,2000-12-08,5,1,Turbo castanea,16.7,14.8,1.391,147
Rabbit Key Basin,2000-12-08,6,1,Turbo castanea,18.9,17.9,2.72,255.6
Rabbit Key Basin,2000-12-08,6,1,Turbo castanea,20.4,17.9,2.822,372.8
Rabbit Key Basin,2000-12-08,6,1,Turbo castanea,20,18.5,2.602,337.1
Rabbit Key Basin,2000-12-08,6,1,Turbo castanea,18.4,15.4,1.776,225.4
Rabbit Key Basin,2000-12-08,6,1,Turbo castanea,17.9,16,1.948,198.8
Rabbit Key Basin,2000-12-08,6,1,Turbo castanea,17.9,16.1,1.92,198.8
Rabbit Key Basin,2000-12-08,6,1,Turbo castanea,17.4,15.1,1.699,175.3
Rabbit Key Basin,2000-12-08,6,1,Turbo castanea,20,16,1.976,337.1
Rabbit Key Basin,2000-12-08,6,1,Turbo castanea,17.6,15.3,1.735,184.3
Rabbit Key Basin,2000-12-08,6,1,Turbo castanea,18.3,15.9,1.965,219.8
Rabbit Key Basin,2000-12-08,6,1,Turbo castanea,17.6,15.5,1.793,184.3
Rabbit Key Basin,2000-12-08,6,1,Turbo castanea,15.5,13.8,1.308,108.7
Rabbit Key Basin,2000-12-08,6,1,Turbo castanea,17.1,14.5,1.472,162.5
Rabbit Key Basin,2000-12-08,6,1,Turbo castanea,19.3,16,2.194,282.7
Rabbit Key Basin,2000-12-08,6,1,Turbo castanea,17.6,15.4,1.802,184.3
Rabbit Key Basin,2000-12-08,6,1,Turbo castanea,18.5,15.4,1.914,231.1
Rabbit Key Basin,2000-12-08,6,1,Turbo castanea,18,15.4,1.846,203.8
Rabbit Key Basin,2000-12-08,6,1,Turbo castanea,18.8,15.9,1.89,249.3
Rabbit Key Basin,2000-12-08,6,1,Turbo castanea,12,10.5,0.589,45
Rabbit Key Basin,2000-12-08,1,1,Vexillum sp.,14,5.6,NA,NA
Rabbit Key Basin,2000-12-08,3,1,Zafrona taylorae,8.7,3.8,0.066,NA
Rabbit Key Basin,2001-02-16,1,1,Astrea phoebia,11,17.6,2.058,125.8
Rabbit Key Basin,2001-02-16,2,1,Astrea phoebia,10,15.6,1.562,110.9
Rabbit Key Basin,2001-02-16,3,1,Astrea phoebia,9.1,26.4,1.505,99.1
Rabbit Key Basin,2001-02-16,5,1,Cerithium eburneum,20.9,9.5,0.716,NA
Rabbit Key Basin,2001-02-16,3,1,Cerithium muscarum,24.2,10,0.841,NA
Rabbit Key Basin,2001-02-16,1,1,Columbella rusticoides,15.3,8,0.528,NA
Rabbit Key Basin,2001-02-16,1,1,Modulus modulus,11.6,14.3,1.082,68.5
Rabbit Key Basin,2001-02-16,1,1,Modulus modulus,10.7,13.1,0.74,44.5
Rabbit Key Basin,2001-02-16,1,1,Modulus modulus,10.2,13.1,0.796,44.5
Rabbit Key Basin,2001-02-16,1,1,Modulus modulus,10.2,14.1,0.938,63.8
Rabbit Key Basin,2001-02-16,1,1,Modulus modulus,10.1,13.5,0.808,51.4
Rabbit Key Basin,2001-02-16,1,1,Modulus modulus,10.3,14.4,0.989,71.1
Rabbit Key Basin,2001-02-16,1,1,Modulus modulus,9.8,12.8,0.7,40
Rabbit Key Basin,2001-02-16,1,1,Modulus modulus,10,13.7,0.793,55.2
Rabbit Key Basin,2001-02-16,1,1,Modulus modulus,4.8,7.2,0.084,5.3
Rabbit Key Basin,2001-02-16,2,1,Modulus modulus,9.7,13,0.775,42.9
Rabbit Key Basin,2001-02-16,2,1,Modulus modulus,9.7,13.1,0.739,44.5
Rabbit Key Basin,2001-02-16,2,1,Modulus modulus,10,12.7,0.753,38.5
Rabbit Key Basin,2001-02-16,2,1,Modulus modulus,10.4,13.7,0.83,55.2
Rabbit Key Basin,2001-02-16,2,1,Modulus modulus,9.5,13.3,0.746,47.8
Rabbit Key Basin,2001-02-16,2,1,Modulus modulus,10.6,13.7,0.899,55.2
Rabbit Key Basin,2001-02-16,2,1,Modulus modulus,9.1,12.6,0.661,37.2
Rabbit Key Basin,2001-02-16,3,1,Modulus modulus,11.2,14.9,1.128,85
Rabbit Key Basin,2001-02-16,3,1,Modulus modulus,9.7,13.5,0.786,51.4
Rabbit Key Basin,2001-02-16,3,1,Modulus modulus,7.1,10.1,0.26,15.1
Rabbit Key Basin,2001-02-16,3,1,Modulus modulus,10.8,14.3,0.954,68.5
Rabbit Key Basin,2001-02-16,3,1,Modulus modulus,11,13.8,0.895,57.3
Rabbit Key Basin,2001-02-16,3,1,Modulus modulus,9.7,13.7,0.77,55.2
Rabbit Key Basin,2001-02-16,3,1,Modulus modulus,10.6,13.6,0.964,53.3
Rabbit Key Basin,2001-02-16,4,1,Modulus modulus,11.2,14.3,1.013,68.5
Rabbit Key Basin,2001-02-16,4,1,Modulus modulus,11.3,15,1.154,88.2
Rabbit Key Basin,2001-02-16,4,1,Modulus modulus,10.8,15,1.036,88.2
Rabbit Key Basin,2001-02-16,4,1,Modulus modulus,9.9,13.3,0.867,47.8
Rabbit Key Basin,2001-02-16,4,1,Modulus modulus,10.3,13.5,0.828,51.4
Rabbit Key Basin,2001-02-16,4,1,Modulus modulus,9,13.9,0.755,59.4
Rabbit Key Basin,2001-02-16,4,1,Modulus modulus,4.3,6.2,0.049,3.7
Rabbit Key Basin,2001-02-16,5,1,Modulus modulus,9.9,13.2,0.708,46.1
Rabbit Key Basin,2001-02-16,5,1,Modulus modulus,10.4,14.3,0.894,68.5
Rabbit Key Basin,2001-02-16,5,1,Modulus modulus,10.4,13.4,0.902,49.6
Rabbit Key Basin,2001-02-16,6,1,Modulus modulus,11.3,14.5,1.013,73.7
Rabbit Key Basin,2001-02-16,6,1,Modulus modulus,9.2,12.9,0.69,41.4
Rabbit Key Basin,2001-02-16,6,1,Modulus modulus,10.3,14.2,0.891,66.1
Rabbit Key Basin,2001-02-16,6,1,Modulus modulus,11,14.7,1.083,79.1
Rabbit Key Basin,2001-02-16,6,1,Modulus modulus,10.3,14.3,0.945,68.5
Rabbit Key Basin,2001-02-16,6,1,Modulus modulus,9.9,13.1,0.82,44.5
Rabbit Key Basin,2001-02-16,6,1,Modulus modulus,10.6,14.4,0.996,71.1
Rabbit Key Basin,2001-02-16,1,1,Prunum apicinum,18.2,7,0.489,NA
Rabbit Key Basin,2001-02-16,1,1,Tegula fasciata,13.3,16,1.784,151.9
Rabbit Key Basin,2001-02-16,1,1,Tegula fasciata,12.8,16,1.909,151.9
Rabbit Key Basin,2001-02-16,1,1,Tegula fasciata,12.7,15.5,1.666,130.2
Rabbit Key Basin,2001-02-16,1,1,Tegula fasciata,14.4,16.3,1.889,166.6
Rabbit Key Basin,2001-02-16,2,1,Tegula fasciata,11.5,15.5,1.456,130.2
Rabbit Key Basin,2001-02-16,2,1,Tegula fasciata,12.4,15.1,1.431,115.1
Rabbit Key Basin,2001-02-16,2,1,Tegula fasciata,12.4,14.6,1.451,98.7
Rabbit Key Basin,2001-02-16,3,1,Tegula fasciata,12.5,15.2,1.507,118.7
Rabbit Key Basin,2001-02-16,3,1,Tegula fasciata,12.1,15.3,1.395,122.5
Rabbit Key Basin,2001-02-16,3,1,Tegula fasciata,14.6,16.3,2.144,166.6
Rabbit Key Basin,2001-02-16,3,1,Tegula fasciata,13.6,16.3,1.859,166.6
Rabbit Key Basin,2001-02-16,3,1,Tegula fasciata,12.6,14.8,1.404,105
Rabbit Key Basin,2001-02-16,3,1,Tegula fasciata,13.3,15.3,1.66,122.5
Rabbit Key Basin,2001-02-16,3,1,Tegula fasciata,11.5,14.3,1.286,90
Rabbit Key Basin,2001-02-16,3,1,Tegula fasciata,12.8,15.9,1.69,147.3
Rabbit Key Basin,2001-02-16,3,1,Tegula fasciata,12.7,15,1.498,111.6
Rabbit Key Basin,2001-02-16,4,1,Tegula fasciata,12.4,14.2,1.368,87.3
Rabbit Key Basin,2001-02-16,4,1,Tegula fasciata,13.2,15.7,1.652,138.5
Rabbit Key Basin,2001-02-16,4,1,Tegula fasciata,13.4,15.1,1.555,115.1
Rabbit Key Basin,2001-02-16,5,1,Tegula fasciata,11.3,14.4,1.137,92.8
Rabbit Key Basin,2001-02-16,5,1,Tegula fasciata,13.5,15.8,1.735,142.8
Rabbit Key Basin,2001-02-16,5,1,Tegula fasciata,13.1,15.4,1.59,126.3
Rabbit Key Basin,2001-02-16,5,1,Tegula fasciata,13.3,15.5,1.738,130.2
Rabbit Key Basin,2001-02-16,5,1,Tegula fasciata,12.5,15.1,1.479,115.1
Rabbit Key Basin,2001-02-16,5,1,Tegula fasciata,13.3,15.7,1.712,138.5
Rabbit Key Basin,2001-02-16,5,1,Tegula fasciata,11.7,14.8,1.438,105
Rabbit Key Basin,2001-02-16,6,1,Tegula fasciata,13,16.3,1.75,166.6
Rabbit Key Basin,2001-02-16,6,1,Tegula fasciata,10.8,14.1,1.023,84.6
Rabbit Key Basin,2001-02-16,6,1,Tegula fasciata,13.2,16.2,1.766,161.6
Rabbit Key Basin,2001-02-16,6,1,Tegula fasciata,12.7,14.9,1.559,108.3
Rabbit Key Basin,2001-02-16,6,1,Tegula fasciata,12.3,15.2,1.604,118.7
Rabbit Key Basin,2001-02-16,6,1,Tegula fasciata,12.5,15.8,1.693,142.8
Rabbit Key Basin,2001-02-16,6,1,Tegula fasciata,13.2,15.7,1.616,138.5
Rabbit Key Basin,2001-02-16,6,1,Tegula fasciata,11.7,15.1,1.456,115.1
Rabbit Key Basin,2001-02-16,6,1,Tegula fasciata,12.9,15.5,1.642,130.2
Rabbit Key Basin,2001-02-16,6,1,Tegula fasciata,11.9,15.5,1.448,130.2
Rabbit Key Basin,2001-02-16,1,1,Turbo castanea,20.7,18.7,2.778,402.1
Rabbit Key Basin,2001-02-16,1,1,Turbo castanea,18.7,17.7,2.161,243.1
Rabbit Key Basin,2001-02-16,1,1,Turbo castanea,21.5,20.5,3.572,491.7
Rabbit Key Basin,2001-02-16,1,1,Turbo castanea,21.4,19.5,3.632,479.5
Rabbit Key Basin,2001-02-16,1,1,Turbo castanea,20.5,19,2.901,382.3
Rabbit Key Basin,2001-02-16,1,1,Turbo castanea,18.5,17.1,2.19,231.1
Rabbit Key Basin,2001-02-16,1,1,Turbo castanea,19.6,16.5,2.229,304.8
Rabbit Key Basin,2001-02-16,1,1,Turbo castanea,19.5,17.8,2.667,297.3
Rabbit Key Basin,2001-02-16,1,1,Turbo castanea,20,18.5,2.969,337.1
Rabbit Key Basin,2001-02-16,1,1,Turbo castanea,20.9,18.1,2.841,422.8
Rabbit Key Basin,2001-02-16,1,1,Turbo castanea,21.1,17.9,2.688,444.6
Rabbit Key Basin,2001-02-16,1,1,Turbo castanea,21.2,18.4,2.943,455.9
Rabbit Key Basin,2001-02-16,1,1,Turbo castanea,19.4,17.2,2.411,289.9
Rabbit Key Basin,2001-02-16,1,1,Turbo castanea,17.8,16.2,1.904,193.8
Rabbit Key Basin,2001-02-16,2,1,Turbo castanea,20.3,18.5,2.775,363.6
Rabbit Key Basin,2001-02-16,2,1,Turbo castanea,17.3,15.8,1.671,170.9
Rabbit Key Basin,2001-02-16,2,1,Turbo castanea,22.2,19.4,3.222,586.4
Rabbit Key Basin,2001-02-16,2,1,Turbo castanea,23.1,20.4,3.373,735.4
Rabbit Key Basin,2001-02-16,2,1,Turbo castanea,22.8,21.7,4.119,681.9
Rabbit Key Basin,2001-02-16,2,1,Turbo castanea,22.6,19.6,3.742,648.5
Rabbit Key Basin,2001-02-16,2,1,Turbo castanea,19.4,17.4,2.461,289.9
Rabbit Key Basin,2001-02-16,2,1,Turbo castanea,19.8,17.2,2.222,320.6
Rabbit Key Basin,2001-02-16,2,1,Turbo castanea,21.1,17.7,2.267,444.6
Rabbit Key Basin,2001-02-16,3,1,Turbo castanea,21.6,16.9,2.584,504.2
Rabbit Key Basin,2001-02-16,3,1,Turbo castanea,22.1,18,3.088,571.8
Rabbit Key Basin,2001-02-16,3,1,Turbo castanea,21.7,19.3,3.091,517.1
Rabbit Key Basin,2001-02-16,3,1,Turbo castanea,20.6,18.1,2.718,392.1
Rabbit Key Basin,2001-02-16,3,1,Turbo castanea,17.2,15.2,1.686,166.7
Rabbit Key Basin,2001-02-16,3,1,Turbo castanea,21.6,19.2,3.089,504.2
Rabbit Key Basin,2001-02-16,3,1,Turbo castanea,20.5,18.1,2.601,382.3
Rabbit Key Basin,2001-02-16,3,1,Turbo castanea,17.2,16.3,1.855,166.7
Rabbit Key Basin,2001-02-16,4,1,Turbo castanea,19,17,2.107,262.1
Rabbit Key Basin,2001-02-16,4,1,Turbo castanea,21,19.4,3.386,433.6
Rabbit Key Basin,2001-02-16,4,1,Turbo castanea,21,20,3.471,433.6
Rabbit Key Basin,2001-02-16,4,1,Turbo castanea,20.2,17.7,2.517,354.5
Rabbit Key Basin,2001-02-16,4,1,Turbo castanea,20.1,18.1,2.539,345.7
Rabbit Key Basin,2001-02-16,4,1,Turbo castanea,17.5,15.3,1.641,179.7
Rabbit Key Basin,2001-02-16,4,1,Turbo castanea,18.7,15.9,1.906,243.1
Rabbit Key Basin,2001-02-16,4,1,Turbo castanea,21.1,19.8,3.112,444.6
Rabbit Key Basin,2001-02-16,4,1,Turbo castanea,21.9,19.4,3.172,543.8
Rabbit Key Basin,2001-02-16,4,1,Turbo castanea,22,20,3.338,557.6
Rabbit Key Basin,2001-02-16,4,1,Turbo castanea,22.1,18.8,3.199,571.8
Rabbit Key Basin,2001-02-16,4,1,Turbo castanea,21,19.4,3.085,433.6
Rabbit Key Basin,2001-02-16,4,1,Turbo castanea,19.5,16.8,2.034,297.3
Rabbit Key Basin,2001-02-16,4,1,Turbo castanea,19.4,17.3,2.263,289.9
Rabbit Key Basin,2001-02-16,4,1,Turbo castanea,20.5,17.8,2.546,382.3
Rabbit Key Basin,2001-02-16,4,1,Turbo castanea,20,18.3,2.539,337.1
Rabbit Key Basin,2001-02-16,4,1,Turbo castanea,20.4,18.6,2.647,372.8
Rabbit Key Basin,2001-02-16,4,1,Turbo castanea,18.3,16.3,1.895,219.8
Rabbit Key Basin,2001-02-16,4,1,Turbo castanea,17.3,14.7,1.659,170.9
Rabbit Key Basin,2001-02-16,5,1,Turbo castanea,19.2,16.1,2.056,275.7
Rabbit Key Basin,2001-02-16,5,1,Turbo castanea,19.7,17.3,2.334,312.6
Rabbit Key Basin,2001-02-16,5,1,Turbo castanea,19.8,16.6,2.231,320.6
Rabbit Key Basin,2001-02-16,5,1,Turbo castanea,19.8,17.3,2.331,320.6
Rabbit Key Basin,2001-02-16,5,1,Turbo castanea,19.6,16.6,2.077,304.8
Rabbit Key Basin,2001-02-16,5,1,Turbo castanea,21,17.5,2.564,433.6
Rabbit Key Basin,2001-02-16,5,1,Turbo castanea,20.1,16.9,2.435,345.7
Rabbit Key Basin,2001-02-16,5,1,Turbo castanea,20.2,18,2.591,354.5
Rabbit Key Basin,2001-02-16,5,1,Turbo castanea,17.4,14.7,1.661,175.3
Rabbit Key Basin,2001-02-16,5,1,Turbo castanea,18.7,15.8,1.85,243.1
Rabbit Key Basin,2001-02-16,6,1,Turbo castanea,22.1,18.7,3.177,571.8
Rabbit Key Basin,2001-02-16,6,1,Turbo castanea,20.6,18,2.587,392.1
Rabbit Key Basin,2001-02-16,6,1,Turbo castanea,19.3,16.6,2.081,282.7
Rabbit Key Basin,2001-02-16,6,1,Turbo castanea,20.4,16.7,2.467,372.8
Rabbit Key Basin,2001-02-16,6,1,Turbo castanea,19.3,17.7,2.787,282.7
Rabbit Key Basin,2001-02-16,6,1,Turbo castanea,19.7,16.4,2.068,312.6
Rabbit Key Basin,2001-02-16,6,1,Turbo castanea,20.3,19,3.049,363.6
Rabbit Key Basin,2001-02-16,6,1,Turbo castanea,22.6,19.2,3.325,648.5
Rabbit Key Basin,2001-02-16,6,1,Turbo castanea,20.1,17.5,2.311,345.7
Rabbit Key Basin,2001-02-16,6,1,Turbo castanea,19.7,18,2.607,312.6
Rabbit Key Basin,2001-02-16,6,1,Turbo castanea,20,18.7,2.849,337.1
Rabbit Key Basin,2001-02-16,6,1,Turbo castanea,19,18.1,2.457,262.1
Rabbit Key Basin,2001-02-16,6,1,Turbo castanea,20.1,17.3,2.514,345.7
Rabbit Key Basin,2001-02-16,6,1,Turbo castanea,18.2,16.3,2,214.3
Rabbit Key Basin,2001-02-16,6,1,Turbo castanea,16.6,15.5,1.583,143.3
Rabbit Key Basin,2001-02-16,6,1,Turbo castanea,18.8,17,2.19,249.3
Rabbit Key Basin,2001-02-16,6,1,Turbo castanea,20.1,17.6,2.492,345.7
Rabbit Key Basin,2001-02-16,6,1,Turbo castanea,19.6,16.8,2.283,304.8
Rabbit Key Basin,2001-02-16,6,1,Turbo castanea,17.8,15.8,1.915,193.8
Rabbit Key Basin,2001-02-16,1,1,Vexillum sp.,10.5,6.7,0.275,NA
Rabbit Key Basin,2001-02-16,3,1,Zafrona taylorae,9.9,4.3,0.086,NA
Rabbit Key Basin,2001-02-16,3,1,Zafrona taylorae,10.3,4.8,0.108,NA
Rabbit Key Basin,2001-04-19,2,1,Astrea phoebia,12.5,30.4,3.037,152
Rabbit Key Basin,2001-04-19,4,1,Astrea phoebia,12.2,31.1,2.865,146.3
Rabbit Key Basin,2001-04-19,4,1,Astrea phoebia,12.4,28.6,2.653,150.1
Rabbit Key Basin,2001-04-19,5,1,Astrea phoebia,12.4,30,2.692,150.1
Rabbit Key Basin,2001-04-19,6,1,Astrea phoebia,9.6,25.2,1.324,105.5
Rabbit Key Basin,2001-04-19,4,1,Columbella rusticoides,13.5,6.6,0.346,NA
Rabbit Key Basin,2001-04-19,4,1,Columbella rusticoides,14.2,7.3,0.41,NA
Rabbit Key Basin,2001-04-19,1,1,Modulus modulus,8,10.8,0.38,19.5
Rabbit Key Basin,2001-04-19,1,1,Modulus modulus,6.5,9,0.181,10.2
Rabbit Key Basin,2001-04-19,2,1,Modulus modulus,10.8,13.3,0.98,47.8
Rabbit Key Basin,2001-04-19,3,1,Modulus modulus,11.8,13.5,1.011,51.4
Rabbit Key Basin,2001-04-19,3,1,Modulus modulus,9.7,12.6,0.66,37.2
Rabbit Key Basin,2001-04-19,4,1,Modulus modulus,9.8,12.6,0.699,37.2
Rabbit Key Basin,2001-04-19,4,1,Modulus modulus,10.8,13.8,0.856,57.3
Rabbit Key Basin,2001-04-19,4,1,Modulus modulus,9.5,12.1,0.645,31.1
Rabbit Key Basin,2001-04-19,4,1,Modulus modulus,10.5,13.7,0.845,55.2
Rabbit Key Basin,2001-04-19,4,1,Modulus modulus,10,12.1,0.611,31.1
Rabbit Key Basin,2001-04-19,4,1,Modulus modulus,10,12.8,0.756,40
Rabbit Key Basin,2001-04-19,4,1,Modulus modulus,10.2,13.2,0.926,46.1
Rabbit Key Basin,2001-04-19,5,1,Modulus modulus,10.3,13,0.778,42.9
Rabbit Key Basin,2001-04-19,5,1,Modulus modulus,10.5,14.3,0.971,68.5
Rabbit Key Basin,2001-04-19,5,1,Modulus modulus,9.7,14,0.901,61.5
Rabbit Key Basin,2001-04-19,5,1,Modulus modulus,11,13.8,0.999,57.3
Rabbit Key Basin,2001-04-19,5,1,Modulus modulus,10.2,13.1,0.792,44.5
Rabbit Key Basin,2001-04-19,5,1,Modulus modulus,8.3,11.8,0.51,27.9
Rabbit Key Basin,2001-04-19,5,1,Modulus modulus,5.8,8,0.134,7.1
Rabbit Key Basin,2001-04-19,5,1,Modulus modulus,4.5,5.8,0.049,3.2
Rabbit Key Basin,2001-04-19,6,1,Modulus modulus,10.5,14,0.957,61.5
Rabbit Key Basin,2001-04-19,6,1,Modulus modulus,11.4,14.3,1.046,68.5
Rabbit Key Basin,2001-04-19,6,1,Modulus modulus,9.4,12.7,0.715,38.5
Rabbit Key Basin,2001-04-19,6,1,Modulus modulus,10.4,12.8,0.721,40
Rabbit Key Basin,2001-04-19,6,1,Modulus modulus,9.5,13.1,0.703,44.5
Rabbit Key Basin,2001-04-19,6,1,Modulus modulus,12.4,14,0.977,61.5
Rabbit Key Basin,2001-04-19,1,1,Tegula fasciata,12.4,15.1,1.564,115.1
Rabbit Key Basin,2001-04-19,1,1,Tegula fasciata,12.3,16.6,1.84,182.7
Rabbit Key Basin,2001-04-19,1,1,Tegula fasciata,12.4,16,1.752,151.9
Rabbit Key Basin,2001-04-19,1,1,Tegula fasciata,7.1,10.8,0.436,30.6
Rabbit Key Basin,2001-04-19,1,1,Tegula fasciata,6.6,7.6,0.142,11.4
Rabbit Key Basin,2001-04-19,3,1,Tegula fasciata,11.5,14.5,1.355,95.7
Rabbit Key Basin,2001-04-19,3,1,Tegula fasciata,6.3,9,0.24,17.6
Rabbit Key Basin,2001-04-19,3,1,Tegula fasciata,12.7,15.3,1.728,122.5
Rabbit Key Basin,2001-04-19,3,1,Tegula fasciata,12.9,15.4,1.697,126.3
Rabbit Key Basin,2001-04-19,3,1,Tegula fasciata,13.1,15,1.695,111.6
Rabbit Key Basin,2001-04-19,3,1,Tegula fasciata,13.1,15.6,1.743,134.3
Rabbit Key Basin,2001-04-19,4,1,Tegula fasciata,12.3,16,1.771,151.9
Rabbit Key Basin,2001-04-19,4,1,Tegula fasciata,11.9,14.7,1.387,101.8
Rabbit Key Basin,2001-04-19,4,1,Tegula fasciata,12,15.2,1.513,118.7
Rabbit Key Basin,2001-04-19,4,1,Tegula fasciata,12,14.8,1.408,105
Rabbit Key Basin,2001-04-19,4,1,Tegula fasciata,11.6,14.9,1.323,108.3
Rabbit Key Basin,2001-04-19,5,1,Tegula fasciata,12.4,15.3,1.449,122.5
Rabbit Key Basin,2001-04-19,5,1,Tegula fasciata,12.5,15.6,1.645,134.3
Rabbit Key Basin,2001-04-19,5,1,Tegula fasciata,11.8,15,1.399,111.6
Rabbit Key Basin,2001-04-19,5,1,Tegula fasciata,11.3,14.8,1.266,105
Rabbit Key Basin,2001-04-19,5,1,Tegula fasciata,13.6,16,1.636,151.9
Rabbit Key Basin,2001-04-19,5,1,Tegula fasciata,11.6,14.5,1.395,95.7
Rabbit Key Basin,2001-04-19,5,1,Tegula fasciata,11.9,14.9,1.311,108.3
Rabbit Key Basin,2001-04-19,5,1,Tegula fasciata,11.8,14.9,1.38,108.3
Rabbit Key Basin,2001-04-19,6,1,Tegula fasciata,13.7,16.6,2.019,182.7
Rabbit Key Basin,2001-04-19,6,1,Tegula fasciata,13,15.5,1.76,130.2
Rabbit Key Basin,2001-04-19,6,1,Tegula fasciata,11.1,13.9,1.172,79.6
Rabbit Key Basin,2001-04-19,6,1,Tegula fasciata,12.4,15.5,1.574,130.2
Rabbit Key Basin,2001-04-19,6,1,Tegula fasciata,12.8,15.2,1.625,118.7
Rabbit Key Basin,2001-04-19,6,1,Tegula fasciata,12.3,15.5,1.643,130.2
Rabbit Key Basin,2001-04-19,6,1,Tegula fasciata,10.5,13.8,1.328,77.1
Rabbit Key Basin,2001-04-19,6,1,Tegula fasciata,11.9,15.8,1.479,142.8
Rabbit Key Basin,2001-04-19,6,1,Tegula fasciata,12.2,15.8,1.566,142.8
Rabbit Key Basin,2001-04-19,1,1,Turbo castanea,3.9,4.1,NA,5.9
Rabbit Key Basin,2001-04-19,1,1,Turbo castanea,5.3,5,0.053,8.3
Rabbit Key Basin,2001-04-19,1,1,Turbo castanea,18.5,18.1,2.359,231.1
Rabbit Key Basin,2001-04-19,2,1,Turbo castanea,22.7,19.1,3.646,665
Rabbit Key Basin,2001-04-19,2,1,Turbo castanea,20.7,19,2.962,402.1
Rabbit Key Basin,2001-04-19,3,1,Turbo castanea,18.7,17.6,2.322,243.1
Rabbit Key Basin,2001-04-19,3,1,Turbo castanea,21,18,3.053,433.6
Rabbit Key Basin,2001-04-19,3,1,Turbo castanea,21.9,21.1,3.505,543.8
Rabbit Key Basin,2001-04-19,3,1,Turbo castanea,21,19.1,3.076,433.6
Rabbit Key Basin,2001-04-19,3,1,Turbo castanea,20.4,18.9,2.719,372.8
Rabbit Key Basin,2001-04-19,3,1,Turbo castanea,23.7,21.5,3.862,855.2
Rabbit Key Basin,2001-04-19,3,1,Turbo castanea,19.2,18.3,2.416,275.7
Rabbit Key Basin,2001-04-19,3,1,Turbo castanea,20.4,18.6,2.665,372.8
Rabbit Key Basin,2001-04-19,3,1,Turbo castanea,19.5,16.9,2.388,297.3
Rabbit Key Basin,2001-04-19,3,1,Turbo castanea,21.4,19.7,3.287,479.5
Rabbit Key Basin,2001-04-19,4,1,Turbo castanea,22.4,20.9,3.917,616.6
Rabbit Key Basin,2001-04-19,4,1,Turbo castanea,20.3,18.1,2.568,363.6
Rabbit Key Basin,2001-04-19,4,1,Turbo castanea,19,17.3,2.341,262.1
Rabbit Key Basin,2001-04-19,4,1,Turbo castanea,5,4.7,0.053,7.7
Rabbit Key Basin,2001-04-19,4,1,Turbo castanea,5.2,5.1,0.059,8.1
Rabbit Key Basin,2001-04-19,4,1,Turbo castanea,5.9,5.5,0.082,9.7
Rabbit Key Basin,2001-04-19,5,1,Turbo castanea,4.1,4.2,0.034,6.2
Rabbit Key Basin,2001-04-19,5,1,Turbo castanea,4.2,4.3,0.037,6.3
Rabbit Key Basin,2001-04-19,5,1,Turbo castanea,22.4,20.1,3.6,616.6
Rabbit Key Basin,2001-04-19,5,1,Turbo castanea,21.3,18.3,2.819,467.6
Rabbit Key Basin,2001-04-19,5,1,Turbo castanea,21.7,19.7,3.37,517.1
Rabbit Key Basin,2001-04-19,5,1,Turbo castanea,20.9,19.4,3.395,422.8
Rabbit Key Basin,2001-04-19,5,1,Turbo castanea,21,19,3.067,433.6
Rabbit Key Basin,2001-04-19,5,1,Turbo castanea,21.4,20.2,3.664,479.5
Rabbit Key Basin,2001-04-19,5,1,Turbo castanea,20.7,18.9,2.861,402.1
Rabbit Key Basin,2001-04-19,5,1,Turbo castanea,3.2,3.2,0.017,4.9
Rabbit Key Basin,2001-04-19,5,1,Turbo castanea,17.3,15.2,1.655,170.9
Rabbit Key Basin,2001-04-19,6,1,Turbo castanea,4.5,4.3,0.038,6.8
Rabbit Key Basin,2001-04-19,6,1,Turbo castanea,19.4,17.8,2.444,289.9
Rabbit Key Basin,2001-04-19,6,1,Turbo castanea,21.3,19.6,3.337,467.6
Rabbit Key Basin,2001-04-19,6,1,Turbo castanea,20.1,18.4,2.901,345.7
Rabbit Key Basin,2001-04-19,6,1,Turbo castanea,21.5,21,3.879,491.7
Rabbit Key Basin,2001-04-19,6,1,Turbo castanea,20.3,18.3,2.664,363.6
Rabbit Key Basin,2001-04-19,6,1,Turbo castanea,18.7,16.7,2.168,243.1
Rabbit Key Basin,2001-04-19,6,1,Turbo castanea,20.3,18.4,2.897,363.6
Rabbit Key Basin,2001-04-19,6,1,Zafrona taylorae,8.8,4.3,0.068,NA
